Category,Family,Peg,Unit,2025-05-03 11:00,2025-05-03 11:15,2025-05-03 11:30,2025-05-03 11:45,2025-05-03 12:00,2025-05-03 12:15,2025-05-03 12:30,2025-05-03 12:45,2025-05-03 13:00,2025-05-03 13:15,2025-05-03 13:30,2025-05-03 13:45,2025-05-03 14:00,2025-05-04 11:00,2025-05-04 11:15,2025-05-04 11:30,2025-05-04 11:45,2025-05-04 12:00,2025-05-04 12:15,2025-05-04 12:30,2025-05-04 12:45,2025-05-04 13:00,2025-05-04 13:15,2025-05-04 13:30
Test condition,Average Interference Power per PRB in the PUCCH Region,PucchInterferencePowerAvg(dBm),,-111.43,-110.64,-110.41,-110.53,-110.16,-110.17,-110.51,-110.33,-110.17,-110.27,-109.79,-110.87,-111.19,-109.91,-109.94,-110.52,-109.46,-110.32,-110.22,-110.55,-110.75,-110.34,-109.96,-110.72
Test condition,Power,InterferencePowerAvg(dBm),,-116.1,-114.75,-114.22,-114.95,-114.19,-114.05,-114.61,-114.41,-114.22,-114.37,-113.41,-115.05,-115.29,-114.29,-114.52,-115.56,-113.51,-115.4,-114.89,-115.47,-115.4,-115.04,-114.23,-115.76
Test condition,SINR Distribution,SinrDistULWbPreComp_Bin%d(count),,15.82,15.5,15.36,15.53,15.41,15.38,15.47,15.47,15.4,15.43,15.17,15.52,15.6,15.42,15.53,15.71,15.32,15.69,15.55,15.65,15.6,15.55,15.52,15.77
Test condition,PUCCH SINR Distribution per bin,PucchSinrDistBin%d(count),,5.86,5.87,5.88,5.85,5.8,5.89,5.84,5.88,5.86,5.86,5.88,5.83,5.77,6.02,6.11,6.03,6.12,6.04,6.1,6.14,6.11,6.14,6.04,6.1
Test condition,Power,RssiOverPathAvg(dBm),,-86.3,-85.62,-85.18,-85.26,-85.44,-85.01,-85.58,-85.49,-85.38,-85.25,-84.22,-86.1,-86.16,-86.04,-85.48,-86.03,-85,-86.59,-86,-86.26,-86.25,-85.91,-84.94,-86.28
Test condition,RSSI of Each Path Measured by MAC,RssiPathAvg(dBm),RSSIPath0,-76.99,-77.1,-76.97,-76.15,-77.09,-76.45,-77.13,-77.03,-77.06,-76.71,-75.83,-77.77,-77.63,-78.22,-77.12,-77.16,-76.87,-78.31,-77.79,-77.84,-77.81,-77.61,-76.22,-77.32
Test condition,RSSI of Each Path Measured by MAC,RssiPathAvg(dBm),RSSIPath1,-95.66,-94.19,-93.44,-94.43,-93.84,-93.62,-94.09,-93.99,-93.74,-93.85,-92.65,-94.48,-94.74,-93.91,-93.89,-94.95,-93.18,-94.92,-94.26,-94.73,-94.74,-94.26,-93.71,-95.28
Test condition,RSSI of Each Path Measured by MAC,RssiPathAvg(dBm),RSSIPath2,-,-,-,-,-,-,-,-,-,-,-,-,-,-,-,-,-,-,-,-,-,-,-,-
Test condition,RSSI of Each Path Measured by MAC,RssiPathAvg(dBm),RSSIPath3,-,-,-,-,-,-,-,-,-,-,-,-,-,-,-,-,-,-,-,-,-,-,-,-
Test condition (plus when PDSCH is transmitted),DL MCS,DLTransmittedMcs%d(count),,20.64,20.18,20.62,20.31,20.6,20.68,20.41,20.41,20.38,20.63,20.25,20.97,20.77,19.92,19.42,19.85,19.71,19.36,19.85,19.88,19.94,19.89,19.92,19.75
Test condition (plus when PDSCH is transmitted),DL MCS in 256QAM,DLTransmittedMcs%d_256QAM(count),,15.3,13.69,14.52,13.92,14,14.44,14.08,14.57,13.7,14.79,13.97,15.37,15.1,14.3,14.03,14.23,14.01,14.52,14.8,15.57,15.14,15.11,14.88,15.43
Test condition (plus size of PRB),MCS,DLSchedulerMcs%d(count),,25.71,25.42,25.59,25.45,25.59,25.57,25.51,25.64,25.42,25.55,25.47,25.83,25.67,25.48,25.21,25.4,25.34,25.36,25.41,25.5,25.57,25.45,25.4,25.49
Test condition,Scheduled UE Distribution,DLScheduledUETTIBin%d(count),,3.24,3.47,3.42,3.53,3.44,3.47,3.45,3.39,3.53,3.37,3.65,3.17,3.17,3.11,3.34,3.27,3.37,3,3.1,2.93,2.97,3.06,3.29,3
Test condition,MCS,ULReceivedMcs%d(count),,25.33,25.38,25.27,25.52,25.29,25.41,25.32,25.24,25.28,25.35,25.45,25.19,25.14,25.2,25.38,25.34,25.42,25.29,25.34,25.61,25.54,25.5,25.48,25.61
Test condition,MCS in 256QAM supported UE,ULReceivedMcs%d_256QAM(count),,Deno0,Deno0,Deno0,Deno0,Deno0,Deno0,Deno0,Deno0,Deno0,Deno0,Deno0,Deno0,Deno0,Deno0,Deno0,Deno0,Deno0,Deno0,Deno0,Deno0,Deno0,Deno0,Deno0,Deno0
Test condition,MCS,ULSchedulerMcs%d(count),,27.23,27.15,27.05,27.24,27.11,27.15,27.09,27.14,27.05,27.15,27.17,27.16,27.17,27.02,27.1,27.18,27.15,27.2,27.13,27.17,27.21,27.19,27.26,27.26
Test condition,Scheduled UE Distribution,ULScheduledUETTIBin%d(count),,3.99,4.39,4.3,4.4,4.42,4.4,4.38,4.22,4.38,4.3,4.74,4.11,3.93,4.18,4.3,3.98,4.26,3.88,4.06,4.35,4.27,4.25,4.13,4.24
Test condition,DL RI,DLReceivedRI%d(count),,2,2,2,2,2,2,2,2,2,2,2,2,2,2,2,2,2,2,2,2,2,2,2,2
Test condition,DL RI,DLReceivedRI1(count),,208,223.5,202,246,240,205.5,239,259.5,247.5,184.5,276.5,200.5,205.5,217,266,245.5,255,241.5,219.5,219,207,194.5,207,213
Test condition,DL RI,DLReceivedRI2(count),,1126380,1246692,1258425,1126667,1163564.5,1206426.5,1263262.5,1194989,1285719.5,1184609,1164065.5,1128802,1183528.5,1176901,1247118.5,1175388,1167293,1118000,1192938,1139798.5,1084078.5,1169312,1098645,1047994
Test condition,DL RI,DLReceivedRI3(count),,0,0,0,0,0,0,0,0,0,0,0,0,0,0,0,0,0,0,0,0,0,0,0,0
Test condition,DL RI,DLReceivedRI4(count),,0,0,0,0,0,0,0,0,0,0,0,0,0,0,0,0,0,0,0,0,0,0,0,0
Test condition,DL Wideband CQI,DLReceivedCQI%d(count),,14.87,14.87,14.86,14.87,14.87,14.87,14.86,14.87,14.85,14.87,14.87,14.87,14.87,14.86,14.86,14.87,14.87,14.87,14.86,14.86,14.86,14.86,14.87,14.87
Test condition,DL Wideband CQI in 256QAM,DLReceivedCQI%d_256QAM(count),,14.95,14.95,14.96,14.96,14.95,14.96,14.96,14.96,14.96,14.96,14.97,14.95,14.95,14.95,14.96,14.96,14.96,14.94,14.95,14.95,14.95,14.95,14.96,14.95
Test condition (DL TB Count/TTI),"DL MCS,Air MAC Packet",DLTransmittedMcs%d(count) / AirMacDLTti(TTI),,1.17,1.14,1.17,1.19,1.25,1.18,1.16,1.17,1.16,1.2,1.17,1.23,1.18,1.01,1.03,1.05,1.05,1.03,1.02,1.04,1.03,1.03,1.07,1.05
Test condition (DL 256QAM TB Count/TTI),"DL MCS in 256QAM,Air MAC Packet",DLTransmittedMcs%d_256QAM(count) / AirMacDLTti(TTI),,4.96,5.49,5.4,5.51,5.28,5.45,5.44,5.27,5.56,5.22,5.75,4.73,4.85,5.02,5.42,5.2,5.43,4.73,4.95,4.55,4.66,4.82,5.22,4.66
Test condition (UL TB Count/TTI),"MCS,Air MAC Packet",ULReceivedMcs%d(count) / AirMacULTti(TTI),,3.77,4.06,4.02,4.19,4.11,4.16,4.07,3.93,4.04,4.05,4.53,3.77,3.6,3.8,4.01,3.72,4.02,3.54,3.74,4.06,3.96,3.96,3.94,3.99
Test condition,Total PRB Usage,TotPucchPrbULAvg(%),,10,10,10,10,10,10,10,10,10,10,10,10,10,10,10,10,10,10,10,10,10,10,10,10
Test condition,Measurement Results of Source Cell,HoTriggeringScellRsrpEventA3Avg(dBm),,28.2,28.55,28.34,28.42,28.2,28.33,28.34,28.16,28.63,28.36,28,28.22,28.5,28.21,28.57,28.31,28.37,28.06,28.44,28.39,28.19,28.64,28.32,28.4
Test condition,Timing Alignment,TimeAdvanceSection%d(count),,0.84,0.86,0.54,0.82,0.8,0.62,0.59,0.56,0.72,0.57,0.66,0.63,0.67,0.57,0.58,0.67,0.66,0.93,0.72,0.75,0.72,0.9,0.72,0.78
User count,RRC Connection Number,ConnNoAvg(count),,186.28,187.1,185.66,185.84,185.95,185.94,186.58,186.28,186.75,185.8,186.19,185.7,186.4,186.41,186.15,186.74,185.79,185.96,185.25,186.02,186.19,186.69,185.9,185.33
User count,RRC Connection Number,ConnNoMax(count),,229,216.5,225,226,226,219.5,226.5,228,223,226.5,226.5,225,223,224.5,221.5,223,220.5,230,217.5,223,224.5,220.5,224,224
User count,Active E-RAB Number,UsageNbrAvg(count),QCI1,18.11,18.29,18.3,17.95,18.13,18.14,18.2,18.26,18.29,18.25,18.1,18.12,18.29,18.15,18.36,18.21,17.98,18.14,18.06,18.24,18.14,18.29,18.21,17.95
User count,Active UE Number,UEActiveDLAvg(count),QCI1,10.15,10.29,10.2,10.03,10.21,10.12,10.21,10.21,10.27,10.21,10.14,10.18,10.29,10.17,10.22,10.22,10.03,10.14,10.04,10.21,10.16,10.3,10.23,10.06
User count,Active UE Number,UEActiveULAvg(count),QCI1,11.43,11.52,11.46,11.28,11.4,11.33,11.47,11.45,11.5,11.46,11.37,11.39,11.45,11.44,11.48,11.4,11.27,11.37,11.27,11.47,11.33,11.49,11.41,11.3
User count,Active E-RAB Number,UsageNbrAvg(count),QCI9,185.96,186.87,185.53,185.57,185.71,185.65,186.34,185.78,186.65,185.8,185.46,185.81,186.17,185.56,186.65,185.78,185.07,186.54,185.13,185.18,185.63,186.99,186.12,184.73
User count,Active UE Number,UEActiveDLAvg(count),QCI9,27.06,26.91,26.97,26.39,24.73,26.94,27.07,26.95,27.35,26.77,27.19,24.75,26.03,22.5,25.87,25.55,24.52,22.49,24.77,24.14,22.66,25.06,25.95,23.07
User count,Active UE Number,UEActiveULAvg(count),QCI9,25.36,26.1,25.98,25.27,24.21,26.73,26.72,25.34,26.49,26.65,27.29,22.92,24.09,20.77,26.21,24.13,24.5,22.67,24.93,28.95,24.22,27.23,24.94,24.72
RACH,Random Access Preambles,DedicatedPreambles(count),,68.5,63.5,73,69,69.5,62,69,68.5,63.5,64,69,69.5,63,71,64.5,71,68,69.5,57,68.5,71.5,62.5,72.5,60
RACH,Random Access Preambles,RandomlySelectedPreamblesLow(count),,5264,5116.5,5350,5109.5,5422.5,5292,5226,5310.5,5210,5376,5318,5409,5264,5190.5,5436.5,5216.5,5362,5452,5290.5,5444,5255,5289.5,5236.5,5345
RACH,Random Access Preambles,RandomlySelectedPreamblesHigh(count),,0,0,0,0,0,0,0,0,0,1,1,0,0,0,0,0,0,0,0,0,0.5,1,0.5,0
RRC & Handover,RRC Connection Establishment,ConnEstabAtt(count),,5033,4900.5,5073.5,4890,5165.5,5013,5005,5064,4963.5,5135.5,5065.5,5150.5,5003,4909,5117.5,4893,5053.5,5138.5,4974,5153,4958,4997,4952,5043
RRC & Handover,RRC Connection Establishment,ConnEstabAtt(count),EstabCauseMO_SIGNAL,0,0,0,0,0,0,0,0,0,0,0,0,0,0,0,0,0,0,0,0,0,0,0,0
RRC & Handover,RRC Connection Establishment,ConnEstabAtt(count),EstabCauseMO_DATA,4938,4792.5,4975,4789.5,5057,4911.5,4916,4962.5,4862.5,5034.5,4963,5048.5,4891,4822,5007,4804,4959,5037,4877.5,5057.5,4862,4897,4871,4939.5
RRC & Handover,RRC Connection Establishment,ConnEstabAtt(count),EstabCauseMT_ACCESS,95,108,98.5,100.5,108.5,101.5,89,101.5,101,101,102.5,102,112,87,110.5,89,94.5,101.5,96.5,95.5,96,100,81,103.5
RRC & Handover,RRC Connection Establishment,ConnEstabAtt(count),EstabCauseHI_PRIO_ACCESS,0,0,0,0,0,0,0,0,0,0,0,0,0,0,0,0,0,0,0,0,0,0,0,0
RRC & Handover,RRC Connection Setup Time,ConnEstabTimeAvg(ms),EstabCauseMO_SIGNAL,-,-,-,-,-,-,-,-,-,-,-,-,-,-,-,-,-,-,-,-,-,-,-,-
RRC & Handover,RRC Connection Setup Time,ConnEstabTimeAvg(ms),EstabCauseMO_DATA,38.75,38.55,38.35,38.53,38.29,38.43,38.64,38.79,38.51,38.59,38.44,38.56,38.54,37.72,37.8,37.9,38.14,38.14,37.96,38.22,38.15,37.88,38.14,38.01
RRC & Handover,RRC Connection Setup Time,ConnEstabTimeAvg(ms),EstabCauseMT_ACCESS,38.42,37.69,38.09,38.38,37.73,37.15,38.73,37.74,38.05,38.21,37.88,38.39,37.49,37.94,37.64,37.19,38.19,37.63,37.6,38.39,38.06,38.33,38.34,37.79
RRC & Handover,E-RAB Setup Time,EstabTimeAvg(ms),QCI1,40.77,39.8,39.5,39.45,39.17,38.94,39.54,39.71,39.78,38.92,40.07,40,38.89,39.01,39.91,39.43,39.3,38.59,39.55,39.37,40.11,39.12,38.83,39.56
RRC & Handover,E-RAB Setup Time,EstabTimeAvg(ms),QCI5,46.52,46.07,46.15,46.41,45.92,46.27,46.51,46.56,46.42,46.33,45.83,46.2,46.44,45.98,46.42,46.47,46.02,46.17,46.99,46.22,46.32,46.63,46.5,46.36
RRC & Handover,E-RAB Setup Time,EstabTimeAvg(ms),QCI9,46.24,45.73,45.56,45.63,45.55,45.68,45.89,46.11,45.76,45.9,45.55,45.78,45.8,44.96,45.27,45.29,45.24,45.24,45.47,45.2,45.5,45.24,45.33,45.09
RRC & Handover,"RRC Connection Establishment,RRC Connection Establishment",ConnEstabSucc(count) / ConnEstabAtt(count),,100,100,100,100,100,100,100,100,100,100,100,100,100,100,100,100,100,100,100,100,100,100,100,100
RRC & Handover,RRC Connection Reconfiguration,ConnReconfigAtt(count),,10551.5,10122,10587,10145.5,10450.5,10413,10346,10599,10345,10615.5,10455.5,10453,10354,10835,11371.5,10896.5,11286,11444.5,11083,11252.5,11021.5,10990.5,10870,11180.5
RRC & Handover,"RRC Connection Reconfiguration,RRC Connection Reconfiguration",ConnReconfigSucc(count) / ConnReconfigAtt(count),,100,100,100,100.01,100,100,100,99.99,100,100,100,100,100,100,100,100,100,100,100,99.99,100,100,100,100
RRC & Handover,RRC Connection Re-establishment,ConnReEstabAtt(count),,0,0,0,0,0,0,0,0,0,0,0,0,0,0,0,0,0,0,0,0,0,0,0,0
RRC & Handover,"RRC Connection Re-establishment,RRC Connection Re-establishment",ConnReEstabSucc(count) / ConnReEstabAtt(count),,Deno0,Deno0,Deno0,Deno0,Deno0,Deno0,Deno0,Deno0,Deno0,Deno0,Deno0,Deno0,Deno0,Deno0,Deno0,Deno0,Deno0,Deno0,Deno0,Deno0,Deno0,Deno0,Deno0,Deno0
RRC & Handover,Intra-eNB Handover,IntraEnbAtt(count),,317,324,321,323,316,320,320.5,315.5,328,321,313,314.5,325,317,326.5,319.5,321,315.5,325.5,322.5,315.5,326,322.5,324
RRC & Handover,"Intra-eNB Handover,Intra-eNB Handover",IntraEnbSucc(count) / IntraEnbAtt(count),,100,100,100,100,100,100,100,100,100,100,100,100,100,100,100,100,100,100,100,100,100,100,100,100
RRC & Handover,Intra-eNB In Handover,IntraEnbInAtt(count),,68.5,63.5,73,69,69.5,62,69,68.5,63.5,64.5,69.5,69.5,63,71,64.5,71,68,69.5,57,68.5,72,63.5,74,60
RRC & Handover,"Intra-eNB In Handover,Intra-eNB In Handover",IntraEnbInSucc(count) / IntraEnbInAtt(count),,100,100,100,100,100,100,100,100,100,100,100,100,100,100,100,100,100,100,100,100,100,100,100,100
RRC & Handover,VoLTE Quality,SumVoLTEIntraEnbAtt(count),,36,44,41,41,36.5,41,41,36,44,41,36,36.5,44,37,44,41,41,37,46,41,36,44,41,41.5
RRC & Handover,VoLTE Quality,VoLTEIntraHoSuccessRate(%),,100,100,100,100,100,100,100,100,100,100,100,100,100,100,100,100,100,100,100,100,100,100,100,100
RRC & Handover,Handover Time,IntraHoTimeAvg(ms),,79.57,73.29,78.79,79.82,78.81,63.54,76.8,78.74,73.54,79.18,84.53,80.32,69.35,84.84,77.08,64.13,64.68,77.87,62.49,80.28,79.16,77.42,82.87,77.74
RRC & Handover,VoLTE Handover time,VoLTEIntraHoTimeAvg(ms),,61.54,52.43,59.76,60.17,60.01,53.88,58.63,61.9,51.25,60.97,60.9,61.91,48.4,60.48,52.39,53.67,56.37,69.17,57.94,60.55,61.14,50.27,63.68,61.27
RRC & Handover,X2 Out Handover,InterX2OutAtt(count),,0,0,0,0,0,0,0,0,0,0,0,0,0,0,0,0,0,0,0,0,0,0,0,0
RRC & Handover,X2 Out Handover,InterX2OutPrepSucc(count),,0,0,0,0,0,0,0,0,0,0,0,0,0,0,0,0,0,0,0,0,0,0,0,0
RRC & Handover,"X2 Out Handover,X2 Out Handover",InterX2OutSucc(count) / InterX2OutAtt(count),,Deno0,Deno0,Deno0,Deno0,Deno0,Deno0,Deno0,Deno0,Deno0,Deno0,Deno0,Deno0,Deno0,Deno0,Deno0,Deno0,Deno0,Deno0,Deno0,Deno0,Deno0,Deno0,Deno0,Deno0
RRC & Handover,X2 In Handover,InterX2InAtt(count),,0,0,0,0,0,0,0,0,0,0,0,0,0,0,0,0,0,0,0,0,0,0,0,0
RRC & Handover,X2 In Handover,InterX2InPrepSucc(count),,0,0,0,0,0,0,0,0,0,0,0,0,0,0,0,0,0,0,0,0,0,0,0,0
RRC & Handover,"X2 In Handover,X2 In Handover",InterX2InSucc(count) / InterX2InAtt(count),,Deno0,Deno0,Deno0,Deno0,Deno0,Deno0,Deno0,Deno0,Deno0,Deno0,Deno0,Deno0,Deno0,Deno0,Deno0,Deno0,Deno0,Deno0,Deno0,Deno0,Deno0,Deno0,Deno0,Deno0
RRC & Handover,VoLTE Quality,SumVoLTEInterX2OutAtt(count),,0,0,0,0,0,0,0,0,0,0,0,0,0,0,0,0,0,0,0,0,0,0,0,0
RRC & Handover,VoLTE Quality,VoLTEX2HoSuccessRate(%),,-,-,-,-,-,-,-,-,-,-,-,-,-,-,-,-,-,-,-,-,-,-,-,-
RRC & Handover,Handover Time,X2HoTimeAvg(ms),,-,-,-,-,-,-,-,-,-,-,-,-,-,-,-,-,-,-,-,-,-,-,-,-
RRC & Handover,VoLTE Handover time,VoLTEX2HoTimeAvg(ms),,-,-,-,-,-,-,-,-,-,-,-,-,-,-,-,-,-,-,-,-,-,-,-,-
RRC & Handover,Outgoing Inter-Frequency Handover with Measurement Gap,InterFreqMeasGapOutAtt(count),,0,0,0,0,0,0,0,0,0,0,0,0,0,0,0,0,0,0,0,0,0,0,0,0
RRC & Handover,Outgoing Inter-Frequency Handover with Measurement Gap,InterFreqMeasGapOutPrepSucc(count),,0,0,0,0,0,0,0,0,0,0,0,0,0,0,0,0,0,0,0,0,0,0,0,0
RRC & Handover,"Outgoing Inter-Frequency Handover with Measurement Gap,Outgoing Inter-Frequency Handover with Measurement Gap",InterFreqMeasGapOutSucc(count) / InterFreqMeasGapOutAtt(count),,Deno0,Deno0,Deno0,Deno0,Deno0,Deno0,Deno0,Deno0,Deno0,Deno0,Deno0,Deno0,Deno0,Deno0,Deno0,Deno0,Deno0,Deno0,Deno0,Deno0,Deno0,Deno0,Deno0,Deno0
Call Fail,Call Fail,[0x0300]EccTmout_RrcConnectionSetupComplete(count),,0,0,0,0,0,0,0,0,0,0,0,0,0,0,0,0,0,0,0,0,0,0,0,0
Call Fail,Call Fail,[0x0301]EccTmout_RrcConnectionReconfigComplete(count),,0,0,0,0,0,0,0,0,0,0,0,0,0,0,0,0,0,0,0,0,0,0,0,0
Call Fail,Call Fail,[0x0302]EccTmout_RrcConnectionReestablishComplete(count),,0,0,0,0,0,0,0,0,0,0,0,0,0,0,0,0,0,0,0,0,0,0,0,0
Call Fail,Call Fail,[0x0303]EccTmout_RrcSecurityModeComplete(count),,0,0,0,0,0,0,0,0,0,0,0,0,0,0,0,0,0,0,0,0,0,0,0,0
Call Fail,Call Fail,[0x0304]EccTmout_RrcUECapabilityInformation(count),,0,0,0,0,0,0,0,0,0,0,0,0,0,0,0,0,0,0,0,0,0,0,0,0
Call Fail,Call Fail,[0x0306]EccTmout_RrcHandoverPreparation(count),,0,0,0,0,0,0,0,0,0,0,0,0,0,0,0,0,0,0,0,0,0,0,0,0
Call Fail,Call Fail,[0x0307]EccTmout_IntraHandoverCmdComplete(count),,0,0,0,0,0,0,0,0,0,0,0,0,0,0,0,0,0,0,0,0,0,0,0,0
Call Fail,Call Fail,[0x0341]Ecc_UserInactivity(count),,4790.5,4644,4823,4628.5,4914.5,4746,4756.5,4813,4700,4875,4810,4904,4737.5,4665,4844.5,4658.5,4777.5,4899.5,4705,4890,4724.5,4732.5,4708.5,4781
Call Fail,Call Fail,[0x0342]Ecc_ArqMaxReTransmission(count),,0,0,0,0,0,0,0,0,0,0,0,0,0,0,0,0,0,0,0,0,0,0,0,0
Call Fail,Call Fail,[0x0343]Ecc_RadioLinkFailure(count),,0,0,0,0,0,0,0,0,0,0,0,0,0,0,0,0,0,0,0,0,0,0,0,0
Call Fail,Call Fail,[0x0346]Ecc_ReestFailInvalidState(count),,0,0,0,0,0,0,0,0,0,0,0,0,0,0,0,0,0,0,0,0,0,0,0,0
Call Fail,Call Fail,[0x0365]Rrm_Fail(count),,0,0,0,0,0,0,0,0,0,0,0,0,0,0,0,0,0,0,0,0,0,0,0,0
Call Fail,Call Fail,[0x036B]Rrm_CallRscFail(count),,0,0,0,0,0,0,0,0,0,0,0,0,0,0,0,0,0,0,0,0,0,0,0,0
Call Fail,Call Fail,[0x37A]Rrm_Preemption(count),,0,0,0,0,0,0,0,0,0,0,0,0,0,0,0,0,0,0,0,0,0,0,0,0
Call Drop,Call Drop,CallDrop_EccbRadioLinkFailure(count),,0,0,0,0,0,0,0,0,0,0,0,0,0,0,0,0,0,0,0,0,0,0,0,0
Call Drop,Call Drop,CallDrop_EccbArqMaxReTransmission(count),,0,0,0,0,0,0,0,0,0,0,0,0,0,0,0,0,0,0,0,0,0,0,0,0
HO EUTRAN Fail,Intra-eNB Handover,IntraEnbFail_RrcHcTo(count),,0,0,0,0,0,0,0,0,0,0,0,0,0,0,0,0,0,0,0,0,0,0,0,0
HO EUTRAN Fail,Outgoing Inter-Frequency Handover with Measurement Gap,InterFreqMeasGapOutFail_CpCcTo(count),,0,0,0,0,0,0,0,0,0,0,0,0,0,0,0,0,0,0,0,0,0,0,0,0
MRO,MRO RLF Classification,TooLateHoRlfBeforeTriggering(count),,0,0,0,0,0,0,0,0,0,0,0,0,0,0,0,0,0,0,0,0,0,0,0,0
MRO,MRO RLF Classification,MroRlfCnt(count),,0,0,0,0,0,0,0,0,0,0,0,0,0,0,0,0,0,0,0,0,0,0,0,0
VOLTE,CQI for DL Volte bearer,DLVoLTECQI%d(count),,14.89,14.87,14.87,14.89,14.88,14.88,14.87,14.89,14.87,14.87,14.89,14.88,14.88,14.9,14.87,14.89,14.88,14.89,14.87,14.86,14.89,14.89,14.89,14.9
VOLTE,Bin distribution of SINR for UL Volte bearer,ULVoLTESinrDistPreCompBin%d(count),,15.23,14.76,14.49,14.86,14.73,14.55,14.57,14.72,14.62,14.6,14.4,14.96,14.92,14.58,14.7,15.06,14.61,15.09,14.78,15.05,15.01,14.92,14.9,15.25
VOLTE,VoLTE Quality,SumVoLTEEstabInitSuccNbr(count),,0,0,0,0,0,0,0,0,0,0,0,0,0,0,0,0,0,0,0,0,0,0,0,0
VOLTE,VoLTE Quality,SumVoLTEEstabAddSuccNbr(count),,275,278,279.5,275.5,275.5,278,274.5,275,277.5,278,274.5,274.5,279,274.5,277.5,276,276,275.5,279,275,274.5,279,273,276
VOLTE,VoLTE Quality,SumVoLTEDLQualityDefect(count),,0,0,0,0,0,0,0,0,0,0,0,0,0,0,0,0,0,0,0,0,0,0,0,0
VOLTE,VoLTE Quality,VoLTEDLQualityDefectRate(%),,0,0,0,0,0,0,0,0,0,0,0,0,0,0,0,0,0,0,0,0,0,0,0,0
VOLTE,VoLTE Quality,SumVoLTEULQualityDefect(count),,0,0,0,0,0,0,0,0,0,0,0,0,0,0,0,0,0,0,0,0,0,0,0,0
VOLTE,VoLTE Quality,VoLTEULQualityDefectRate(%),,0,0,0,0,0,0,0,0,0,0,0,0,0,0,0,0,0,0,0,0,0,0,0,0
VOLTE,VoLTE Quality Defect,VoLTERTPGapDuration(ms),,0,0,0,0,0,0,0,0,0,0,0,0,0,0,0,0,0,0,0,0,0,0,0,0
VOLTE,VoLTE Quality Defect,VoLTERTPSessionDuration(ms),,16018143.5,14939637,15419774,15419139,16020849.5,14820688,15418904.5,16017634,14940349.5,15418785.5,15419418.5,16019213,14939009,15959491.5,14938379.5,15357219,15417955,16016410.5,14817613.5,15415503.5,16017258.5,14937557,15416507.5,15353872.5
VOLTE,VoLTE Quality,SumVoLTECallDropQci(count),,0,0,0,0,0,0,0,0,0,0,0,0,0,0,0,0,0,0,0,0,0,0,0,0
VOLTE,VoLTE Quality,VoLTEDropRate(%),,0,0,0,0,0,0,0,0,0,0,0,0,0,0,0,0,0,0,0,0,0,0,0,0
VOLTE,Packet Loss Rate,PdcpSduLossRateUL(ppm),QCI1,0,0,0,0,0,0,0,0,0,0,0,0,0,0,0,0,0,0,0,0,0,0,1.15,0
VOLTE,DL PDCP PDU discard rate,PdcpPduDiscardRateDL(ppm),QCI1,0,0,0,0,0,0,0,0,0,0,0,0,0,0,0,0,0,0,0,0,0,0,0,0
VOLTE,HARQ performance for Volte bearer,DLVoLTEHARQFailRate(%),,0,0,0,0,0,0,0,0,0,0,0,0,0,0,0,0,0,0,0,0,0,0,0,0
VOLTE,HARQ performance for Volte bearer,ULVoLTEHARQFailRate(%),,0,0,0,0,0,0,0,0,0,0,0,0,0,0,0,0,0,0,0,0,0,0,0,0
VOLTE,HARQ performance for Volte bearer,DLVoLTEHARQInitFailRate(%),,0.03,0.05,0.03,0.05,0.05,0.03,0.04,0.04,0.05,0.03,0.04,0.03,0.03,0.03,0.04,0.04,0.05,0.07,0.02,0.02,0.02,0.02,0.02,0.02
VOLTE,HARQ performance for Volte bearer,ULVoLTEHARQInitFailRate(%),,0.33,0.83,1.05,0.65,0.9,0.94,0.98,0.91,1.03,0.87,1.13,0.54,0.53,0.88,0.81,0.6,0.78,0.29,0.66,0.33,0.45,0.43,0.6,0.23
VOLTE,TTI Bundling,TtibActAtt(count),,0,0,0,0,0,0,0,0,0,0,0,0,0,0,0,0,0,0,0,0,0,0,0,0
VOLTE,TTI Bundling,TtibNoAvg(count),,0,0,0,0,0,0,0,0,0,0,0,0,0,0,0,0,0,0,0,0,0,0,0,0
VOLTE,TTI Bundling,TtibNoMax(count),,0,0,0,0,0,0,0,0,0,0,0,0,0,0,0,0,0,0,0,0,0,0,0,0
Packet Statistics,Air MAC Packet,AirMacDLThruAvg(Kbps),,114867.03,107331.78,109308.32,108353.86,112112.8,109172.67,108620.65,114993.1,108151.72,109136.75,112172.61,119251.45,110661.9,103401.45,102056.71,104068.6,104109.46,103951.85,103659.9,104817.21,105602.24,104660.95,104692.01,104389.8
Packet Statistics,Air MAC Packet,AirMacDLEfctivThruAvg(Kbps),,120367.92,113050.85,115588.07,113048.67,117454.2,114843.8,114763.17,120464.19,113624.02,114871.95,116695.44,124724.55,117107.28,111805.54,109367.85,110535.47,110677.29,111817.6,111600.17,112983.01,113325.6,112277,110936.51,111532.29
Packet Statistics,Air MAC Packet,AirMacDLByte(Kbytes),,12938622,12089851,12312489.5,12170273,12591547.5,12262287.5,12200202,12916597,12148025,12258407,12635122,13432483.5,12464957,11613796,11495667.5,11722288,11726888.5,11709136.5,11676251.5,11806611,11861280.5,11755653.5,11758681.5,11725152
Packet Statistics,Air MAC Packet,AirMacDLTti(TTI),,859916.5,855541,852156,861240.5,857598.5,854191,850464.5,857718,855269.5,853711.5,866186.5,861467,851521,831074,840895,848385.5,847632.5,837706.5,837010,836000.5,837323,837614.5,847973,841025
Packet Statistics,Air RLC Packet,AirRlcDLThru(Kbps),QCI9,235044.28,219710.71,222440.18,217670.11,229370.85,219657.51,221937.45,236531.77,219597.46,221408.43,231296.73,244220.29,223897.42,204188.03,204321.05,205059.1,205589.8,205709.14,204124.99,205125.03,206513.26,206443.38,206653.42,205121.86
Packet Statistics,PDCP Packet,PacketDLCnt(count),QCI1,459394,464081.5,462648,455280.5,459579,458832,462373,461454,464000,462780.5,457171.5,459715.5,463482,459172.5,463882,462035.5,455238.5,459786,456945,461983,459200.5,463868,461908.5,455182
Packet Statistics,PDCP Packet,PacketDLCnt(count),QCI9,36992524,34712464,35241412,34563462,36117960,35044080,35072274,37177748,34743058,35113686,36707816,38144130,35270402,32144342,32477576,32617678,32720646,32327621,32296565,32376175,32552175,32649104,32993697,32424151
Packet Statistics,Air MAC Packet,AirMacULThruAvg(Kbps),,54144.16,50427.52,50173.4,55452.37,50778.69,52818.15,49866.37,51606.21,50032.65,52828.25,55221.57,50170.62,49798.53,46232.93,50002.25,52168.82,52032.53,48010.16,49186.07,50433.21,50613.12,50784.77,55773.45,53137.28
Packet Statistics,Air MAC Packet,AirMacULEfctivThruAvg(Kbps),,54576.06,51074.93,50941.53,55757.78,51447.9,53294.76,50604.36,52245,50598.37,53248.91,55467.4,50913.6,50531.65,47256.75,50790.54,52842.57,52728.16,48929.99,49914.86,50871.76,51162.46,51298.18,56043.51,53460.63
Packet Statistics,Air MAC Packet,AirMacULByte(Kbytes),,6098798,5680156.5,5651532.5,6227885,5703095.5,5931875.5,5600564,5796935.5,5619842,5934368,6220157,5651218.5,5609306,5193690,5632254,5876296,5860944,5407864,5540319.5,5680797.5,5685039,5704127,6264250.5,5967653
Packet Statistics,Air MAC Packet,AirMacULTti(TTI),,893921.5,889633,887404,893578,886837.5,890423.5,885388.5,887478,888511,891387,897095.5,887935,887932,878954.5,887125.5,889538,889023.5,884154.5,887957,893319.5,888911.5,889571,894208.5,893037
Packet Statistics,Air RLC Packet,AirRlcULThru(Kbps),QCI9,52866.27,48671.59,48973.38,53612.74,48781.03,51247.82,48279.79,50179.44,48601.99,51339.35,53478.43,48338.31,48320.57,44432.25,48424.91,50715.56,50337.82,46106.03,47370.69,47688.54,48023.32,48562.76,54316.72,50555.23
Packet Statistics,PDCP Packet,EnbQciULThru(Kbps),,51991.35,47472.86,48753.72,52596.85,46381.43,50937.52,47949.51,49432.23,48354.28,51231.55,52833.11,45694.17,47169.54,40798.62,48060.95,49963.53,49228.33,43300.44,46254.11,46610.95,44676.24,47494.5,53682.88,48326.51
Packet Statistics,PDCP Packet,PacketULCnt(count),QCI1,459366.5,463962.5,462518.5,455236,459437,458696,462231,461329.5,463893,462675.5,457061.5,459665.5,463337.5,459002.5,463842.5,461856,455082.5,459695.5,456875.5,461816.5,459066,463719.5,461754,455074
Packet Statistics,PDCP Packet,PacketULCnt(count),QCI9,5999021,5528355.5,5636677,5889178,5535121.5,5789257.5,5574667,5803936,5575918.5,5822106,6033773.5,5589625,5534002.5,4835284.5,5415456.5,5558155,5497792,5045376.5,5260743.5,5305886,5159530,5374529.5,5862522,5425930.5
Throughput,Air RLC Packet,IpThru(Kbps),QCI1,355.56,400,129.03,480,971.43,800,461.54,384.62,500,380.95,480,588.24,0,714.28,500,190.47,200,1444.44,666.66,292.69,461.54,666.66,444.44,444.44
Throughput,Air RLC Packet,IpThruThpVoDLByte(Kbytes),QCI1,2,0.5,0.5,1.5,2.5,0.5,1.5,2.5,0.5,1,1.5,2.5,0,2.5,0.5,0.5,0.5,2.5,0.5,1.5,3,0.5,1.5,1
Throughput,Air RLC Packet,IpThruThpDLTime(ms),QCI1,25,8,16.5,13.5,23.5,4,18,28.5,7,11.5,13.5,17.5,2.5,15,5,11.5,12,20,4.5,23.5,26,5.5,16,11
Throughput,Air RLC Packet,IpThru(Kbps),QCI9,46208.14,49511.92,54698.75,54059.43,48745.37,55316.02,51638.66,46466.54,53243.4,51278.07,44811.78,45350.23,51255.73,57966.76,54774.73,57569.99,59383.74,56615.81,58185.19,58654.62,59236.5,58992.25,58268.04,57961.85
Throughput,Air RLC Packet,IpThruThpVoDLByte(Kbytes),QCI9,25707070,23976248,24276241,23727616,25042164,23948100,24225354,25876781,23941366,24008862,25283193,26716744,24444421,21758857,21761516,21860946,21900618,21920836,21745565,21872661,21979748,21963734,22004988,21886257
Throughput,Air RLC Packet,IpThruThpDLTime(ms),QCI9,4453602,3880638.5,3558726.5,3515532.5,4115294,3466601,3757872,4460206.5,3598821.5,3748327,4514600,4720502,3815721.5,3004280,3179969,3039143,2953732.5,3097401.5,2990347.5,2983406,2969967,2979920,3021395.5,3020941
Throughput,PDCP Packet,EnbQciDLThru(Kbps),,234003.82,218831.84,221814.85,216654.75,228533.48,220100.15,221106.95,235325.14,218797.18,220768.26,230463.94,243189.34,223394.58,203353.79,203696.87,204632.03,204985.49,204931.57,203443.14,204501.48,206018.78,205820.41,206110.42,204147.55
Throughput,PDCP Packet,EnbQciDLThru(Kbps),QCI1,282.25,285.13,284.19,279.66,282.31,281.82,284.07,283.47,285.01,284.3,280.89,282.38,284.73,282.09,284.9,283.8,279.58,282.49,280.69,283.76,282.11,284.89,283.78,279.56
Throughput,PDCP Packet,EnbQciDLThru(Kbps),QCI9,233717.03,218542.14,221526.12,216370.57,228246.62,219813.84,220818.41,235037.11,218507.66,220479.42,230178.54,242902.38,223105.36,203067.2,203407.42,204343.83,204701.39,204644.52,203157.92,204213.2,205732.09,205530.98,205822.15,203863.4
Throughput,PDCP Packet,PdcpIpThroughputDL(Kbps),,45899.9,49365.14,54588.7,53676.01,48454.47,54697.96,51359.42,46097,53003.51,50895.14,44516,45191.85,50758.92,57847.59,54575.48,57316.91,59269.11,56478.94,58024.3,58476.96,59065.14,58880.99,58115.65,57727.24
Throughput,PDCP Packet,PdcpIpThroughputDL(Kbps),QCI1,-,-,-,-,-,-,-,-,-,-,-,-,-,-,-,-,-,-,-,-,-,-,-,-
Throughput,PDCP Packet,PdcpIpThroughputDL(Kbps),QCI9,45921.47,49390.72,54617.6,53706.88,48477.14,54729.1,51386.23,46118.19,53034.26,50920.59,44535.09,45212.53,50783.93,57854.02,54582.88,57323.46,59276.89,56486,58031.32,58485.42,59073.7,58889,58122.77,57736.86
Throughput,Carrier Aggregation PDCP Packet,PdcpIpThroughputDLNonCa(Kbps),,64379.82,68161.01,70488.16,69442.46,67378.89,70481.04,69447.7,62754.29,68646.64,70512.1,61199.68,63834.46,69610.61,72655.86,68944.26,70850.68,71585.15,73427.32,70444.01,74736.01,72195.48,71056.97,72798.15,71393.77
Throughput,Carrier Aggregation PDCP Packet,PdcpVolDLByteNonCa(Kbytes),,1493155.5,1493637.5,1678735.5,1648310.5,1594170,1694945.5,1577292,1488100.5,1616878,1613078,1365442,1596996.5,1612426,1407912.5,1254558,1455691,1436079.5,1424971,1391739,1460993,1469594.5,1414493.5,1434817,1434016.5
Throughput,Carrier Aggregation PDCP Packet,PdcpTimeDLNonCa(ms),,189533,178936,194419.5,193860,193247.5,196355.5,185236.5,193774.5,192236.5,186858.5,182369.5,204631.5,189258,159932,150042.5,169134,165372.5,159861,163317.5,160773.5,167078,163997,162321.5,164912.5
Throughput,Carrier Aggregation PDCP Packet,PdcpIpThroughputDLCa(Kbps),,45135.3,48514.39,53736.93,52841.85,47584.54,53845.12,50483.81,45399.51,52194.09,49948.92,43867.9,44401.32,49850.69,57139.93,53961.88,56633.74,58661.81,55666.44,57434.29,57662.56,58387.43,58290.26,57398.32,57040.57
Throughput,Carrier Aggregation PDCP Packet,PdcpVolDLByteCa(Kbytes),,23947942,22232744,22311186,21830112,23192379,22138673,22389198,24105592,22079333,22294053,23685262,24847533,22613626,20175509,20332085,20248972,20281788,20283664,20157288,20228236,20334102,20372638,20404010,20248820
Throughput,Carrier Aggregation PDCP Packet,PdcpTimeDLCa(ms),,4247831.5,3674294,3329148.5,3308659.5,3906679,3291688,3554630,4252060,3386150,3573578,4320354,4484123,3629219.5,2826567.5,3015843.5,2861617,2769678.5,2914969,2808477,2806454,2787479.5,2797158,2844042.5,2840156.5
Throughput,Air RLC Packet per PLMN per EN-DC Status,IpThruDL(Kbps),ENDC_STATUSFR1_FDD_ENDC,0,0,0,0,0,0,0,0,0,0,0,0,0,0,0,0,0,0,0,0,0,0,0,0
Throughput,Air RLC Packet per PLMN per EN-DC Status,IpThruVoDLByte(Kbytes),ENDC_STATUSFR1_FDD_ENDC,0,0,0,0,0,0,0,0,0,0,0,0,0,0,0,0,0,0,0,0,0,0,0,0
Throughput,Air RLC Packet per PLMN per EN-DC Status,IpThruDLTime(ms),ENDC_STATUSFR1_FDD_ENDC,0,0,0,0,0,0,0,0,0,0,0,0,0,0,0,0,0,0,0,0,0,0,0,0
Throughput,Air RLC Packet per PLMN per EN-DC Status,IpThruDL(Kbps),ENDC_STATUSFR1_TDD_ENDC,0,0,0,0,0,0,0,0,0,0,0,0,0,0,0,0,0,0,0,0,0,0,0,0
Throughput,Air RLC Packet per PLMN per EN-DC Status,IpThruVoDLByte(Kbytes),ENDC_STATUSFR1_TDD_ENDC,0,0,0,0,0,0,0,0,0,0,0,0,0,0,0,0,0,0,0,0,0,0,0,0
Throughput,Air RLC Packet per PLMN per EN-DC Status,IpThruDLTime(ms),ENDC_STATUSFR1_TDD_ENDC,0,0,0,0,0,0,0,0,0,0,0,0,0,0,0,0,0,0,0,0,0,0,0,0
Throughput,Air RLC Packet per PLMN per EN-DC Status,IpThruDL(Kbps),ENDC_STATUSNON_ENDC,46788.73,50132.12,55238.21,54578.71,49673.77,55791.44,52141.51,47272.76,54154.62,51988.71,45530.69,46072.01,51897.98,59963.59,56229.35,59068.12,61198.65,58292.54,60405.51,60210.08,60750.4,60568.24,59743.25,59495.19
Throughput,Air RLC Packet per PLMN per EN-DC Status,IpThruVoDLByte(Kbytes),ENDC_STATUSNON_ENDC,25474027.5,23816505.5,24040314,23542018,24867073,24278981,24402945,26066517.5,24138636,24345986,25506333.5,26935146.5,24241430.5,21616716,21591856,21687952.5,21720741.5,21733744,21912632,22050276.5,22150444.5,22121102,22173452,22092097
Throughput,Air RLC Packet per PLMN per EN-DC Status,IpThruDLTime(ms),ENDC_STATUSNON_ENDC,4423799,3855622,3528951,3494546.5,4086045.5,3526150,3790904.5,4496115,3642692,3807702.5,4562604.5,4776208,3786337,2986790,3160032.5,3015108.5,2926894.5,3073486,3019541,3005178,2995201,3001233,3044761.5,3048618
Throughput,Air MAC Packet,ULIpThruAvg(Kbps),,2778.69,2514.97,2382.8,2974.51,2999.61,2580.63,2383.02,2633.97,2366.69,2566.01,2850.95,3217.14,2647.68,3151.61,2395.32,2662.18,2798.48,2912.4,2542.15,2536.43,3169.17,2534.28,2892.63,3172.91
Throughput,Air MAC Packet,ULIpThruVol(Kbytes),,5675184,5241802.5,5235450.5,5740719,5126332,5486333,5197683,5357289,5193381.5,5494542.5,5745242.5,5041926,5183903,4621144.5,5209421.5,5450454,5383328.5,4847676,5103806.5,5145871,5042377,5235554,5825135,5333381
Throughput,Air MAC Packet,ULIpThruTime(TTI),,16417465.5,16759264,17595862,15601455,14278741.5,17059423,17486636,16344310,17556430,17154403,16233042,13332894.5,15780169,12657614.5,17401525,16467263,15677581.5,13661586.5,16213316.5,16352962,13215294.5,16594984.5,16146460.5,13836736.5
Throughput,UL IP Throughput per EN-DC NR Cell type,ULIpThroughputFr1(Kbps),,3895.38,3595.2,1509.88,4190.11,5495.33,1529,2121.52,3558.91,1308.79,1868.99,3792.61,5731.93,3854.94,7028.69,1998.75,4548.95,3612.45,5492.31,2186.36,3746.89,5951.27,3517.66,1784.3,4951.82
Throughput,UL IP Throughput per EN-DC NR Cell type,ULDataVolumeFr1(Kbytes),,61907.5,134502,4260.5,66261.5,170041,24596.5,41579.5,61106.5,13991,9801,52452,157092.5,97765.5,229755,44761,63749,90064.5,192901,85911,98307,238985.5,105008.5,61130,142146.5
Throughput,UL IP Throughput per EN-DC NR Cell type,ULTimePeriodFr1(TTI),,127140.5,273028.5,11287.5,105928.5,225812,64358.5,78404.5,121025,42762.5,20987,110845.5,193647.5,198399.5,242692.5,89586,131427.5,161400,278796.5,162522,206071.5,326798.5,233774,137055,189620
Throughput,UL IP Throughput per EN-DC NR Cell type,ULIpThroughputNoEndc(Kbps),,2765.92,2491.79,2382.47,2959.6,2941.33,2579.51,2376.79,2624.2,2369.85,2564.77,2852.68,3160.12,2632.76,3038.69,2386.08,2651.68,2781.39,2847.63,2528.3,2527.48,3087.78,2517.52,2887.85,3118.2
Throughput,UL IP Throughput per EN-DC NR Cell type,ULDataVolumeNoEndc(Kbytes),,5579140.5,5089829,5231186.5,5657154,4990573,5461721.5,5123111.5,5279640.5,5211494,5484805.5,5693266.5,4896001,5053132,4357153.5,5181998.5,5402832.5,5310323,4671269.5,4964610.5,5021959,4771871,5132146,5763986,5191733.5
Throughput,UL IP Throughput per EN-DC NR Cell type,ULTimePeriodNoEndc(TTI),,16230789,16425725.5,17584572,15459838,14174755.5,16995107.5,17275826.5,16173707.5,17593750,17133600,16078475,13163835,15478345,12323784.5,17376542,16403589.5,15567505,13434606,15857104,16029277.5,12807094,16380766,16009429,13679407
DRB,IP Latency,IpLateDL(ms),QCI1,2.02,2.02,2.02,2.02,2.02,2.02,2.02,2.02,2.02,2.02,2.02,2.02,2.02,2.02,2.02,2.02,2.02,2.02,2.02,2.02,2.02,2.02,2.02,2.02
DRB,IP Latency,IpLateDL(ms),QCI5,1.96,1.99,1.96,1.99,1.98,1.97,1.98,1.98,1.99,1.95,1.97,1.98,1.97,1.98,2.01,1.98,1.98,2,2.01,1.98,1.99,1.98,1.99,1.98
DRB,IP Latency,IpLateDL(ms),QCI9,2.1,2.1,2.1,2.07,2.1,2.09,2.11,2.1,2.1,2.1,2.08,2.11,2.11,2.06,2.08,2.06,2.06,2.07,2.07,2.07,2.05,2.08,2.07,2.05
Packet Statistics,PDCP Packet,PdcpIpLatencyDL(ms),QCI1,-,-,-,-,-,-,-,-,-,-,-,-,-,-,-,-,-,-,-,-,-,-,-,-
Packet Statistics,PDCP Packet,PdcpIpLatencyDL(ms),QCI5,2.13,2.2,2.17,2.18,2.18,2.17,2.2,2.15,2.21,2.14,2.16,2.18,2.15,2.19,2.21,2.2,2.18,2.2,2.22,2.19,2.17,2.18,2.18,2.17
Packet Statistics,PDCP Packet,PdcpIpLatencyDL(ms),QCI9,2.28,2.29,2.29,2.25,2.3,2.28,2.29,2.28,2.28,2.29,2.26,2.31,2.29,2.25,2.25,2.24,2.24,2.24,2.25,2.24,2.24,2.25,2.25,2.23
DRB,Packet Delay,PdcpSduDelayAvg(ms),QCI1,9.04,9.04,9.04,9.04,9.04,9.04,9.04,9.04,9.04,9.04,9.04,9.04,9.04,9.04,9.05,9.04,9.04,9.04,9.05,9.04,9.04,9.04,9.04,9.04
DRB,Packet Delay,PdcpSduDelayAvg(ms),QCI5,11.45,11.36,11.2,11.41,11.34,11.38,11.41,11.42,11.5,11.18,11.26,11.53,11.32,9.53,9.67,9.56,9.61,9.65,9.55,9.62,9.69,9.64,9.61,9.68
DRB,Packet Delay,PdcpSduDelayAvg(ms),QCI9,51.73,51.11,49.04,46.58,52.91,47.82,49.77,51.93,48.67,49.58,51.55,53.93,49.33,46.18,47.67,44.73,44.91,46.72,44.84,44.79,45.53,45.34,46.55,44.79
PRB usage,Total PRB Usage,TotPrbDLAvg(%),,76.61,73.36,73.83,74.03,76.48,74.02,73.87,76.99,74.1,74.43,76.18,79.28,74.63,69.74,70.35,70.9,70.99,70.73,70.41,70.94,70.83,70.98,71.29,70.68
PRB usage,Total PRB Usage,TotGbrPrbDLAvg(%),,0.58,0.59,0.58,0.58,0.59,0.58,0.59,0.58,0.59,0.58,0.58,0.59,0.58,0.58,0.59,0.59,0.57,0.59,0.58,0.59,0.58,0.58,0.59,0.58
PRB usage,Total PRB Usage,TotNGbrPrbDLAvg(%),,73.57,69.5,70.84,70.11,72.6,71.02,70.27,73.44,70.35,71.4,72.46,76.31,71.69,66.75,66.64,67.14,67.16,66.7,67.37,67.79,67.75,67.89,68.17,67.55
PRB usage,Total PRB Usage,TotPrbULAvg(%),,91.4,85.54,85.78,93.21,86.29,89.48,85.05,87.69,85.53,89.64,93.18,85.05,84.27,78.99,85.16,88.46,88.05,81.22,83.65,85.57,85.46,86,93.28,89.36
PRB usage,Total PRB Usage,TotGbrPrbULAvg(%),,1.13,1.15,1.15,1.13,1.15,1.14,1.15,1.14,1.16,1.15,1.14,1.14,1.15,1.14,1.15,1.14,1.12,1.13,1.13,1.14,1.13,1.15,1.14,1.12
PRB usage,Total PRB Usage,TotNGbrPrbULAvg(%),,89.06,82.65,83.36,90.16,83,86.74,82.33,85.22,82.93,86.99,90.02,82.34,81.81,76.17,82.39,86.03,85.06,78.22,80.64,81,81.41,82.24,90.68,85.26
BLER,Air RLC Packet,AirRlcDLByteRe(Kbytes),,293.5,280.5,380.5,304.5,207,340,347,461.5,642,614.5,405.5,422,464,332.5,398,195,236.5,407,350,212,491.5,424.5,427,390.5
BLER,Air RLC Packet per PLMN per EN-DC Status,AirRlcPduDLByteRe(Kbytes),ENDC_STATUSFR1_FDD_ENDC,0,0,0,0,0,0,0,0,0,0,0,0,0,0,0,0,0,0,0,0,0,0,0,0
BLER,Air RLC Packet per PLMN per EN-DC Status,AirRlcPduDLByteRe(Kbytes),ENDC_STATUSFR1_TDD_ENDC,0,0,0,0,0,0,0,0,0,0,0,0,0,0,0,0,0,0,0,0,0,0,0,0
BLER,Air RLC Packet per PLMN per EN-DC Status,AirRlcPduDLByteRe(Kbytes),ENDC_STATUSNON_ENDC,288,264.5,353.5,298.5,202,332,341,452.5,635.5,607.5,399.5,416,455,325.5,390.5,190,221,399.5,345,205,486.5,413.5,419,393
BLER,Downlink HARQ Transmission BLER,DLResidualBlerRetrans0(%),,0.85,0.92,0.8,0.86,0.78,0.81,0.89,0.82,0.94,0.86,0.86,0.75,0.92,1.05,1.3,1.09,1.09,1.29,1.25,1.15,1.04,1.13,1.11,1.1
BLER,Downlink HARQ Transmission BLER,DLResidualBlerRetransAvg(%),,0.88,0.95,0.83,0.88,0.81,0.83,0.91,0.85,0.96,0.87,0.88,0.77,0.94,1.08,1.33,1.12,1.12,1.32,1.29,1.18,1.06,1.17,1.14,1.13
BLER,Downlink HARQ Transmission BLER,DLResidualBlerRetransNak(%),,0,0,0,0,0,0,0,0,0,0,0,0,0,0,0,0,0,0,0,0,0,0,0,0
BLER,Uplink HARQ Transmission BLER,ULResidualBlerRetrans0(%),,1.38,1.72,1.66,1.75,1.77,1.8,1.76,1.76,1.73,1.69,2.12,1.67,1.46,1.78,1.68,1.52,1.83,1.61,1.74,1.95,1.89,1.81,1.55,1.6
BLER,Uplink HARQ Transmission BLER,ULResidualBlerRetransAvg(%),,1.41,1.72,1.67,1.75,1.78,1.8,1.77,1.76,1.73,1.7,2.11,1.68,1.48,1.79,1.68,1.54,1.83,1.63,1.75,1.95,1.89,1.82,1.56,1.61
BLER,Uplink HARQ Transmission BLER,ULResidualBlerRetransNak(%),,0,0,0,0,0,0,0,0,0,0,0,0,0,0,0,0,0,0,0,0,0,0,0,0
BLER,Downlink HARQ Transmission BLER in 256QAM supported UE,DLResidualBlerRetrans0_256QAM(%),,0.18,0.2,0.18,0.17,0.19,0.17,0.18,0.19,0.19,0.22,0.17,0.19,0.22,0.24,0.24,0.23,0.18,0.27,0.19,0.23,0.22,0.24,0.18,0.23
BLER,Downlink HARQ Transmission BLER in 256QAM supported UE,DLResidualBlerRetransAvg_256QAM(%),,0.18,0.2,0.18,0.18,0.19,0.17,0.19,0.19,0.19,0.22,0.17,0.19,0.22,0.24,0.24,0.23,0.18,0.27,0.19,0.23,0.22,0.24,0.19,0.23
BLER,Downlink HARQ Transmission BLER in 256QAM supported UE,DLResidualBlerRetransNak_256QAM(%),,0,0,0,0,0,0,0,0,0,0,0,0,0,0,0,0,0,0,0,0,0,0,0,0
BLER,Uplink HARQ Transmission BLER in 256QAM supported UE,ULResidualBlerRetrans0_256QAM(%),,-,-,-,-,-,-,-,-,-,-,-,-,-,-,-,-,-,-,-,-,-,-,-,-
BLER,Uplink HARQ Transmission BLER in 256QAM supported UE,ULResidualBlerRetransAvg_256QAM(%),,-,-,-,-,-,-,-,-,-,-,-,-,-,-,-,-,-,-,-,-,-,-,-,-
BLER,Uplink HARQ Transmission BLER in 256QAM supported UE,ULResidualBlerRetransNak_256QAM(%),,-,-,-,-,-,-,-,-,-,-,-,-,-,-,-,-,-,-,-,-,-,-,-,-
BLER,MCS,PdschBlerMcs0(%),,1.38,0.5,1.33,0.53,0.54,1.31,0.73,0.74,0.58,1.34,0.6,1.29,1.33,1.32,0.71,0.67,0.61,0.6,1.34,1.39,1.38,1.3,1.36,1.29
DL Ack/Nack/DTX,DL-ACK-NACK-DTX Ratio,DLReceivedAckNackDtxRatio(%),"DL Layer1,codeword0,statusACK",99.4,99.37,99.39,99.42,99.4,99.42,99.38,99.39,99.35,99.35,99.43,99.39,99.34,99.26,99.21,99.3,99.34,99.18,99.25,99.24,99.3,99.25,99.35,99.28
DL Ack/Nack/DTX,DL-ACK-NACK-DTX Ratio,DLReceivedAckNackDtxRatio(%),"DL Layer1,codeword0,statusNACK",0.37,0.39,0.39,0.35,0.35,0.36,0.39,0.37,0.41,0.42,0.34,0.38,0.43,0.49,0.53,0.45,0.42,0.55,0.5,0.5,0.45,0.5,0.42,0.48
DL Ack/Nack/DTX,DL-ACK-NACK-DTX Ratio,DLReceivedAckNackDtxRatio(%),"DL Layer1,codeword0,statusDTX",0.08,0.09,0.07,0.08,0.09,0.06,0.08,0.08,0.08,0.07,0.08,0.08,0.08,0.09,0.11,0.1,0.08,0.13,0.1,0.1,0.09,0.1,0.08,0.09
DL Ack/Nack/DTX,DL-ACK-NACK-DTX Ratio,DLReceivedAckNackDtxRatio(%),"DL Layer2,codeword1,statusACK",99.57,99.53,99.53,99.59,99.56,99.57,99.54,99.55,99.53,99.51,99.59,99.54,99.49,99.42,99.43,99.5,99.53,99.39,99.47,99.45,99.47,99.46,99.55,99.48
DL Ack/Nack/DTX,DL-ACK-NACK-DTX Ratio,DLReceivedAckNackDtxRatio(%),"DL Layer2,codeword1,statusNACK",0.27,0.3,0.31,0.25,0.28,0.28,0.29,0.29,0.3,0.34,0.25,0.29,0.35,0.42,0.4,0.34,0.31,0.42,0.37,0.38,0.36,0.38,0.3,0.35
DL Ack/Nack/DTX,DL-ACK-NACK-DTX Ratio,DLReceivedAckNackDtxRatio(%),"DL Layer2,codeword1,statusDTX",0.03,0.03,0.02,0.02,0.03,0.02,0.02,0.03,0.03,0.02,0.03,0.03,0.03,0.04,0.04,0.03,0.03,0.04,0.03,0.03,0.03,0.03,0.02,0.03
DL Ack/Nack/DTX,DL-ACK-NACK-DTX Ratio,DLReceivedAckNackDtxRatio(%),"DL Layer3,codeword1,statusACK",-,-,-,-,-,-,-,-,-,-,-,-,-,-,-,-,-,-,-,-,-,-,-,-
DL Ack/Nack/DTX,DL-ACK-NACK-DTX Ratio,DLReceivedAckNackDtxRatio(%),"DL Layer3,codeword1,statusDTX",-,-,-,-,-,-,-,-,-,-,-,-,-,-,-,-,-,-,-,-,-,-,-,-
DL Ack/Nack/DTX,DL-ACK-NACK-DTX Ratio,DLReceivedAckNackDtxRatio(%),"DL Layer3,codeword1,statusNACK",-,-,-,-,-,-,-,-,-,-,-,-,-,-,-,-,-,-,-,-,-,-,-,-
DL Ack/Nack/DTX,DL-ACK-NACK-DTX Ratio,DLReceivedAckNackDtxRatio(%),"DL Layer4,codeword1,statusACK",-,-,-,-,-,-,-,-,-,-,-,-,-,-,-,-,-,-,-,-,-,-,-,-
DL Ack/Nack/DTX,DL-ACK-NACK-DTX Ratio,DLReceivedAckNackDtxRatio(%),"DL Layer4,codeword1,statusDTX",-,-,-,-,-,-,-,-,-,-,-,-,-,-,-,-,-,-,-,-,-,-,-,-
DL Ack/Nack/DTX,DL-ACK-NACK-DTX Ratio,DLReceivedAckNackDtxRatio(%),"DL Layer4,codeword1,statusNACK",-,-,-,-,-,-,-,-,-,-,-,-,-,-,-,-,-,-,-,-,-,-,-,-
PDCCH,RRU Measurement Info,RruCceAllocationFailDL(count),,36063,55637.5,45377,49385.5,53063,49490,51772.5,43439,56166,45526,53088.5,38048,39759,37093,51684.5,47483,48202,37220,35953,29564.5,29205,34598.5,38931.5,29924.5
PDCCH,RRU Measurement Info,RruCceAllocationFailDLAvg(%),,1.19,1.71,1.42,1.5,1.65,1.53,1.61,1.37,1.71,1.45,1.56,1.28,1.33,1.27,1.65,1.55,1.53,1.32,1.24,1.08,1.06,1.21,1.27,1.07
PDCCH,RRU Measurement Info,RruCceAllocationFailUL(count),,986315.5,795129,868944,894667,804339.5,969432,844117.5,847897.5,775878,953994,891202,921024.5,884553,775216.5,788910.5,839122,818543,762389.5,885140.5,989856,944717.5,957181,1049122.5,1023039
PDCCH,RRU Measurement Info,RruCceAllocationFailULAvg(%),,21.76,16.99,18.59,18.65,17.07,19.96,17.93,18.55,16.72,20.06,17.56,20.21,20.3,17.36,17.18,19.2,17.84,18.16,19.75,20.48,20.11,20.36,22.33,21.4
PDCCH,RRU Measurement Info,RruCceUsageDistDL1(count),,0,0,0,0,0,0,0,0,0,0,0,0,0,0,0,0,0,0,0,0,0,0,0,0
PDCCH,RRU Measurement Info,RruCceUsageDistDL2(count),,2802281,2856765.5,2966794.5,2907632.5,2829737.5,2996899.5,2898717,2852989,2921200,2908376,3053561.5,2732936.5,2737436.5,2674881.5,2786383,2717032.5,2796786,2424694.5,2658862.5,2506760.5,2543817.5,2617389,2830994.5,2565611
PDCCH,RRU Measurement Info,RruCceUsageDistDL4(count),,187953.5,336976.5,184790,335105.5,325216.5,184068,264579.5,261391,313070.5,188127.5,300260,187093,185060.5,187122,289496,294357,305054,346551,196899,198214,191284.5,196400,193189.5,194566.5
PDCCH,RRU Measurement Info,RruCceUsageDistDL8(count),,68.5,63.5,73,69,69.5,62,69,68.5,63.5,64,69,69.5,63,71,64.5,71,68,69.5,57,68.5,71.5,62.5,72.5,60
PDCCH,RRU Measurement Info,RruCceUsageDistUL1(count),,0,0,0,0,0,0,0,0,0,0,0,0,0,0,0,0,0,0,0,0,0,0,0,0
PDCCH,RRU Measurement Info,RruCceUsageDistUL2(count),,3358249.5,3695018.5,3619105,3709851,3713686,3693737.5,3673592.5,3534436.5,3674072.5,3612595,3993298,3447506.5,3295383,3490532.5,3608957.5,3335199.5,3573604.5,3238557.5,3396453.5,3643484.5,3568717.5,3550623.5,3453589,3552854.5
PDCCH,RRU Measurement Info,RruCceUsageDistUL4(count),,188916,190314.5,190131.5,189014,190795,186631,189689.5,189027.5,191761,189611.5,188683,189341.5,190090,198175,199725,195693,196961,203034,200149.5,199174,195426.5,197345,197359,197391
PDCCH,RRU Measurement Info,RruCceUsageDistUL8(count),,0,0,0,0,0,0,0,0,0,0,0,0,0,0,0,0,0,0,0,0,0,0,0,0
PDCCH,PDCCH Usage Information,Cfi1(count),,385387,324055.5,358515,299429.5,327006,332829.5,341679,345339,333076,353319.5,275766.5,391459.5,396853,395652,351303,369904,337787,386986.5,393355.5,368552,387086,367923.5,345511,372316
PDCCH,PDCCH Usage Information,Cfi2(count),,513544.5,571559,537021,600187,566096,562605.5,550151,547931,560891.5,542361,623208.5,504708.5,499385,493117.5,543046,526730.5,557632,505920,502222,529619.5,507583,527237,551883.5,524573
PDCCH,PDCCH Usage Information,Cfi3(count),,585.5,1331.5,1048.5,915,1409,1051,1854,1219.5,1298,1096.5,1425,984.5,401,665,1143,746.5,1089,441,466.5,389,685.5,399,422,405.5
PDCCH,"PDCCH Usage Information,PDCCH Usage Information",Cfi1(count) / Cfi%d(count),,42.84,36.13,39.99,33.25,36.56,37.13,38.23,38.61,37.2,39.4,30.63,43.63,44.26,44.48,39.23,41.22,37.68,43.32,43.9,41.02,43.23,41.08,38.48,41.49
PDCCH,"PDCCH Usage Information,PDCCH Usage Information",Cfi2(count) / Cfi%d(count),,57.09,63.72,59.9,66.65,63.29,62.76,61.56,61.26,62.65,60.48,69.21,56.26,55.7,55.44,60.64,58.7,62.2,56.63,56.05,58.94,56.69,58.87,61.47,58.46
PDCCH,"PDCCH Usage Information,PDCCH Usage Information",Cfi3(count) / Cfi%d(count),,0.07,0.15,0.12,0.1,0.16,0.12,0.21,0.14,0.14,0.12,0.16,0.11,0.04,0.07,0.13,0.08,0.12,0.05,0.05,0.04,0.08,0.04,0.05,0.05
MU-MIMO,Uplink Multi-User MIMO,ULMuMimoTtiUsage(%),,-,-,-,-,-,-,-,-,-,-,-,-,-,-,-,-,-,-,-,-,-,-,-,-
MU-MIMO,Uplink Multi-User MIMO,ULMuMimoPairedUEperTti(count),,-,-,-,-,-,-,-,-,-,-,-,-,-,-,-,-,-,-,-,-,-,-,-,-
MU-MIMO,Uplink Multi-User MIMO,TotULMuMimoUtilizedTti(TTI),,0,0,0,0,0,0,0,0,0,0,0,0,0,0,0,0,0,0,0,0,0,0,0,0
MU-MIMO,Uplink Multi-User MIMO,TotULTti(TTI),,0,0,0,0,0,0,0,0,0,0,0,0,0,0,0,0,0,0,0,0,0,0,0,0
MU-MIMO,Uplink Multi-User MIMO,TotULMuMimoPairedUE(count),,0,0,0,0,0,0,0,0,0,0,0,0,0,0,0,0,0,0,0,0,0,0,0,0
Carrier Aggregation,Carrier Aggregation capable UEs (PCell),CaCapaPCellUE(count),,5254,5101.5,5271.5,5087.5,5378.5,5218.5,5210,5294,5153.5,5341,5288,5364,5195.5,5110.5,5311,5101.5,5261,5358.5,5160,5338.5,5158,5197,5148.5,5254.5
Carrier Aggregation,Carrier Aggregation Message count for Activation-Deactivation (SCell),SCellActivation(count),,1879.5,1874.5,1855,1816,2190.5,1836,1913.5,1903,1892,1929,1848,2150,2014.5,1336.5,1382.5,1348,1345.5,1334.5,1360.5,1345.5,1351,1362,1356.5,1355.5
Carrier Aggregation,Carrier Aggregation Message count for Activation-Deactivation (SCell),SCellActUEAvg(count),,30.02,28.98,28.47,27.75,33.01,27.99,29.25,30.32,28.75,29.43,29.48,33.4,30.37,21.59,22.23,21.71,21.69,21.69,21.84,21.6,21.66,21.85,21.89,21.8
Carrier Aggregation,Carrier Aggregation Message count for Activation-Deactivation (SCell),SCellActivationAtt(count),,1881,1874.5,1855.5,1816,2191.5,1836,1913.5,1903.5,1892,1929,1849,2150,2014.5,1336.5,1382.5,1348,1346.5,1334.5,1361,1346,1351,1362,1357.5,1355.5
Carrier Aggregation,Carrier Aggregation Message count for Activation-Deactivation (SCell),NonSCellActUEAvg(count),,156.24,158.14,157.26,158.07,152.94,157.8,157.33,155.8,158.09,156.47,156.47,152.45,155.99,164.56,164.28,164.6,163.82,164.67,163.43,164.12,164.46,165.15,164.36,163.38
Carrier Aggregation,SCell Added Information (PCell),DLCaCapabilityUE_2CC(count),,5493,5335.5,5505,5322,5616.5,5450.5,5443.5,5533,5387,5579,5521.5,5602,5430.5,5347,5544.5,5336.5,5496,5597,5393,5572.5,5396.5,5431,5381.5,5488
Carrier Aggregation,CA Activation Information Per CC Type,SCellActivation_2CC(count),,1879.5,1874.5,1855,1816,2190.5,1836,1913.5,1903,1892,1929,1848,2150,2014.5,1336.5,1382.5,1348,1345.5,1334.5,1360.5,1345.5,1351,1362,1356.5,1355.5
Carrier Aggregation,CA Activation Information Per CC Type,SCellActivatedTime_2CC(ms),,0,0,0,0,0,0,0,0,0,0,0,0,0,0,0,0,0,0,0,0,0,0,0,0
Carrier Aggregation,SCell Added Information (PCell),DLCaCapabilityUE_3CC(count),,0,0,0,0,0,0,0,0,0,0,0,0,0,0,0,0,0,0,0,0,0,0,0,0
Carrier Aggregation,CA Activation Information Per CC Type,SCellActivation_3CC(count),,0,0,0,0,0,0,0,0,0,0,0,0,0,0,0,0,0,0,0,0,0,0,0,0
Carrier Aggregation,CA Activation Information Per CC Type,SCellActivatedTime_3CC(ms),,0,0,0,0,0,0,0,0,0,0,0,0,0,0,0,0,0,0,0,0,0,0,0,0
Carrier Aggregation,SCell Added Information (PCell),DLCaCapabilityUE_4CC(count),,0,0,0,0,0,0,0,0,0,0,0,0,0,0,0,0,0,0,0,0,0,0,0,0
Carrier Aggregation,CA Activation Information Per CC Type,SCellActivation_4CC(count),,0,0,0,0,0,0,0,0,0,0,0,0,0,0,0,0,0,0,0,0,0,0,0,0
Carrier Aggregation,CA Activation Information Per CC Type,SCellActivatedTime_4CC(ms),,0,0,0,0,0,0,0,0,0,0,0,0,0,0,0,0,0,0,0,0,0,0,0,0
Carrier Aggregation,SCell Added Information (PCell),DLCaCapabilityUE_5CC(count),,0,0,0,0,0,0,0,0,0,0,0,0,0,0,0,0,0,0,0,0,0,0,0,0
Carrier Aggregation,CA Activation Information Per CC Type,SCellActivation_5CC(count),,0,0,0,0,0,0,0,0,0,0,0,0,0,0,0,0,0,0,0,0,0,0,0,0
Carrier Aggregation,CA Activation Information Per CC Type,SCellActivatedTime_5CC(ms),,0,0,0,0,0,0,0,0,0,0,0,0,0,0,0,0,0,0,0,0,0,0,0,0
Carrier Aggregation,UL CA Addition Information,ULCaCapaPCellUEAvg(count),,185.71,186.6,185.26,185.32,185.48,185.41,186.11,185.47,186.38,185.53,185.25,185.58,185.88,185.29,186.41,185.51,184.82,186.3,184.88,184.9,185.4,186.77,185.9,184.49
Carrier Aggregation,UL CA Addition Information,ULCaCapaPCellUEMax(count),,229.5,216,223,225.5,225.5,220,225.5,226.5,220,226.5,225.5,225,219.5,223,221,220,219,228.5,218.5,223,224.5,224,222.5,221.5
Carrier Aggregation,Total PRB Usage,TotNgbrSCellPrbDLAvg(%),,0,0,0,0,0,0,0,0,0,0,0,0,0,0,0,0,0,0,0,0,0,0,0,0
Carrier Aggregation,CA UE per number of CC,Dl1FDSCell(count),,0,0,0,0,0,0,0,0,0,0,0,0,0,0,0,0,0,0,0,0,0,0,0,0
Carrier Aggregation,CA UE per number of CC,Dl2FDSCell(count),,0,0,0,0,0,0,0,0,0,0,0,0,0,0,0,0,0,0,0,0,0,0,0,0
Carrier Aggregation,CA UE per number of CC,Dl3FDSCell(count),,0,0,0,0,0,0,0,0,0,0,0,0,0,0,0,0,0,0,0,0,0,0,0,0
Carrier Aggregation,CA UE per number of CC,Dl4FDSCell(count),,0,0,0,0,0,0,0,0,0,0,0,0,0,0,0,0,0,0,0,0,0,0,0,0
Carrier Aggregation,Air MAC Packet (SCell),AirMacDLThruAvg(Kbps),,0,0,0,0,0,0,0,0,0,0,0,0,0,0,0,0,0,0,0,0,0,0,0,0
Carrier Aggregation,Air MAC Packet (SCell),AirMacDLEfctivThruAvg(Kbps),,0,0,0,0,0,0,0,0,0,0,0,0,0,0,0,0,0,0,0,0,0,0,0,0
Carrier Aggregation,Air MAC Packet (SCell),AirMacDLByte(Kbytes),,0,0,0,0,0,0,0,0,0,0,0,0,0,0,0,0,0,0,0,0,0,0,0,0
Carrier Aggregation,Air MAC Packet (SCell),AirMacDLTti(TTI),,0,0,0,0,0,0,0,0,0,0,0,0,0,0,0,0,0,0,0,0,0,0,0,0
Carrier Aggregation,Air MAC Packet (SCell),AirMacULThruAvg(Kbps),,0,0,0,0,0,0,0,0,0,0,0,0,0,0,0,0,0,0,0,0,0,0,0,0
Carrier Aggregation,Air MAC Packet (SCell),AirMacULEfctivThruAvg(Kbps),,0,0,0,0,0,0,0,0,0,0,0,0,0,0,0,0,0,0,0,0,0,0,0,0
Carrier Aggregation,Air MAC Packet (SCell),AirMacULByte(Kbytes),,0,0,0,0,0,0,0,0,0,0,0,0,0,0,0,0,0,0,0,0,0,0,0,0
Carrier Aggregation,Air MAC Packet (SCell),AirMacULTti(TTI),,0,0,0,0,0,0,0,0,0,0,0,0,0,0,0,0,0,0,0,0,0,0,0,0
NB-IoT,NB-IoT RRC Connection Number,NBIoT_ConnNoAvg(count),,0,0,0,0,0,0,0,0,0,0,0,0,0,0,0,0,0,0,0,0,0,0,0,0
NB-IoT,NB-IoT RRC Connection Number,NBIoT_ConnNoMax(count),,0,0,0,0,0,0,0,0,0,0,0,0,0,0,0,0,0,0,0,0,0,0,0,0
NB-IoT,NB-IoT RRC Connection Establishment,NBIoT_ConnEstabAtt(count),,0,0,0,0,0,0,0,0,0,0,0,0,0,0,0,0,0,0,0,0,0,0,0,0
NB-IoT,"NB-IoT RRC Connection Establishment,NB-IoT RRC Connection Establishment",NBIoT_ConnEstabSucc(count) / NBIoT_ConnEstabAtt(count),,Deno0,Deno0,Deno0,Deno0,Deno0,Deno0,Deno0,Deno0,Deno0,Deno0,Deno0,Deno0,Deno0,Deno0,Deno0,Deno0,Deno0,Deno0,Deno0,Deno0,Deno0,Deno0,Deno0,Deno0
NB-IoT,NB-IoT RRC Connection Reconfiguration,NBIoT_ConnReconfigAtt(count),,0,0,0,0,0,0,0,0,0,0,0,0,0,0,0,0,0,0,0,0,0,0,0,0
NB-IoT,"NB-IoT RRC Connection Reconfiguration,NB-IoT RRC Connection Reconfiguration",NBIoT_ConnReconfigSucc(count) / NBIoT_ConnReconfigAtt(count),,Deno0,Deno0,Deno0,Deno0,Deno0,Deno0,Deno0,Deno0,Deno0,Deno0,Deno0,Deno0,Deno0,Deno0,Deno0,Deno0,Deno0,Deno0,Deno0,Deno0,Deno0,Deno0,Deno0,Deno0
NB-IoT,NB-IoT Air RLC UL and DL packets,NBIoT_AirRlcDLThru(Kbps),,0,0,0,0,0,0,0,0,0,0,0,0,0,0,0,0,0,0,0,0,0,0,0,0
NB-IoT,NB-IoT Air RLC UL and DL packets,NBIoT_AirRlcDLByte(Kbytes),,0,0,0,0,0,0,0,0,0,0,0,0,0,0,0,0,0,0,0,0,0,0,0,0
NB-IoT,NB-IoT Air RLC UL and DL packets,NBIoT_AirRlcULThru(Kbps),,0,0,0,0,0,0,0,0,0,0,0,0,0,0,0,0,0,0,0,0,0,0,0,0
NB-IoT,NB-IoT Air RLC UL and DL packets,NBIoT_AirRlcULByte(Kbytes),,0,0,0,0,0,0,0,0,0,0,0,0,0,0,0,0,0,0,0,0,0,0,0,0
NB-IoT,NB-IoT Air MAC UL and DL packets,NBIoT_AirMacDLThru(Kbps),NBIoT_classLevel0,0,0,0,0,0,0,0,0,0,0,0,0,0,0,0,0,0,0,0,0,0,0,0,0
NB-IoT,NB-IoT Air MAC UL and DL packets,NBIoT_AirMacDLThru(Kbps),NBIoT_classLevel1,0,0,0,0,0,0,0,0,0,0,0,0,0,0,0,0,0,0,0,0,0,0,0,0
NB-IoT,NB-IoT Air MAC UL and DL packets,NBIoT_AirMacDLThru(Kbps),NBIoT_classLevel2,0,0,0,0,0,0,0,0,0,0,0,0,0,0,0,0,0,0,0,0,0,0,0,0
NB-IoT,NB-IoT Air MAC UL and DL packets,NBIoT_AirMacDLTti(TTI),NBIoT_classLevel0,0,0,0,0,0,0,0,0,0,0,0,0,0,0,0,0,0,0,0,0,0,0,0,0
NB-IoT,NB-IoT Air MAC UL and DL packets,NBIoT_AirMacDLTti(TTI),NBIoT_classLevel1,0,0,0,0,0,0,0,0,0,0,0,0,0,0,0,0,0,0,0,0,0,0,0,0
NB-IoT,NB-IoT Air MAC UL and DL packets,NBIoT_AirMacDLTti(TTI),NBIoT_classLevel2,0,0,0,0,0,0,0,0,0,0,0,0,0,0,0,0,0,0,0,0,0,0,0,0
NB-IoT,NB-IoT Air MAC UL and DL packets,NBIoT_AirMacULThru(Kbps),NBIoT_classLevel0,0,0,0,0,0,0,0,0,0,0,0,0,0,0,0,0,0,0,0,0,0,0,0,0
NB-IoT,NB-IoT Air MAC UL and DL packets,NBIoT_AirMacULThru(Kbps),NBIoT_classLevel1,0,0,0,0,0,0,0,0,0,0,0,0,0,0,0,0,0,0,0,0,0,0,0,0
NB-IoT,NB-IoT Air MAC UL and DL packets,NBIoT_AirMacULThru(Kbps),NBIoT_classLevel2,0,0,0,0,0,0,0,0,0,0,0,0,0,0,0,0,0,0,0,0,0,0,0,0
NB-IoT,NB-IoT Air MAC UL and DL packets,NBIoT_AirMacULTti(TTI),NBIoT_classLevel0,0,96,0,0,0,192,0,0,0,0,0,0,96,0,0,0,0,0,0,0,0,0,0,0
NB-IoT,NB-IoT Air MAC UL and DL packets,NBIoT_AirMacULTti(TTI),NBIoT_classLevel1,0,0,0,0,0,0,0,192,0,0,0,0,0,0,0,0,0,0,0,0,0,0,0,0
NB-IoT,NB-IoT Air MAC UL and DL packets,NBIoT_AirMacULTti(TTI),NBIoT_classLevel2,0,0,0,0,0,0,0,0,0,0,0,0,0,0,0,0,0,0,0,0,0,0,0,0
NB-IoT,NB-IoT UL and DL total subcarriers usage,NBIoT_ResourceUsageUL(%),,0,0,0,0,0,0,0,0,0,0,0,0,0,0,0,0,0,0,0,0,0,0,0,0
NB-IoT,NB-IoT UL and DL total subcarriers usage,NBIoT_ResourceUsageDL(%),,33.16,33.16,33.16,33.16,33.16,33.16,33.16,33.17,33.16,33.16,33.16,33.16,33.16,44.53,53.16,53.16,33.16,33.16,33.16,33.16,33.16,33.16,33.16,33.16
NB-IoT,NB-IoT NPDSCH HARQ transmission times,NBIoT_DLResidualBlerRetrans0(%),NBIoT_classLevel0,-,-,-,-,-,-,-,-,-,-,-,-,-,-,-,-,-,-,-,-,-,-,-,-
NB-IoT,NB-IoT NPDSCH HARQ transmission times,NBIoT_DLResidualBlerRetrans0(%),NBIoT_classLevel1,-,-,-,-,-,-,-,-,-,-,-,-,-,-,-,-,-,-,-,-,-,-,-,-
NB-IoT,NB-IoT NPDSCH HARQ transmission times,NBIoT_DLResidualBlerRetrans0(%),NBIoT_classLevel2,-,-,-,-,-,-,-,-,-,-,-,-,-,-,-,-,-,-,-,-,-,-,-,-
NB-IoT,NB-IoT NPUSCH HARQ transmission times,NBIoT_ULResidualBlerRetrans0(%),NBIoT_classLevel0,-,-,-,-,-,-,-,-,-,-,-,-,-,-,-,-,-,-,-,-,-,-,-,-
NB-IoT,NB-IoT NPUSCH HARQ transmission times,NBIoT_ULResidualBlerRetrans0(%),NBIoT_classLevel1,-,-,-,-,-,-,-,-,-,-,-,-,-,-,-,-,-,-,-,-,-,-,-,-
NB-IoT,NB-IoT NPUSCH HARQ transmission times,NBIoT_ULResidualBlerRetrans0(%),NBIoT_classLevel2,-,-,-,-,-,-,-,-,-,-,-,-,-,-,-,-,-,-,-,-,-,-,-,-
E-RAB,E-RAB Release by MME per Cell per QCI,RelbyMmeQci(count),,267,249,257,257,267,247,257,267,249,257,257,267,249,266,249,256,257,267,247,257,267,249,257,256
E-RAB,E-RAB Release by MME per Cell per QCI,RelNormalbyMmeQci(count),,267,249,257,257,267,247,257,267,249,257,257,267,249,266,249,256,257,267,247,257,267,249,257,256
E-RAB,E-RAB Release by MME per Cell per QCI,RelNormalbyMmeActQci(count),,266.5,249,257,256,267,246,257,267,249,257,257,267,249,266,248.5,256,257,266,247,257,266.5,249,257,255.5
E-RAB,E-RAB Release by MME per Cell per QCI,RelNormalbyMmeActQci_Unspecified(count),,0,0,0,0,0,0,0,0,0,0,0,0,0,0,0,0,0,0,0,0,0,0,0,0
E-RAB,E-RAB Release by MME per Cell per QCI,RelAbnormalbyMmeQci(count),,0,0,0,0,0,0,0,0,0,0,0,0,0,0,0,0,0,0,0,0,0,0,0,0
E-RAB,E-RAB Release by MME per Cell per QCI,RelAbnormalbyMmeActQci(count),,0,0,0,0,0,0,0,0,0,0,0,0,0,0,0,0,0,0,0,0,0,0,0,0
E-RAB,E-RAB Release by MME per Cell per QCI,RelAbnormalbyMmeActQci_S1Reset(count),,0,0,0,0,0,0,0,0,0,0,0,0,0,0,0,0,0,0,0,0,0,0,0,0
E-RAB,E-RAB Release by MME per Cell per QCI,RelAbnormalbyMmeQci_EutranGen(count),,0,0,0,0,0,0,0,0,0,0,0,0,0,0,0,0,0,0,0,0,0,0,0,0
E-RAB,E-RAB Release by MME per Cell per QCI,RelAbnormalbyMmeActQci_EutranGen(count),,0,0,0,0,0,0,0,0,0,0,0,0,0,0,0,0,0,0,0,0,0,0,0,0
E-RAB,E-RAB Release by eNB per Cell per QCI,RelbyEnbQci(count),,5020,4860.5,5064.5,4844,5145.5,4977.5,4980,5042,4915,5115,5032.5,5132,4968.5,4893,5062,4897.5,4981.5,5129,4927.5,5117.5,4952.5,4949,4948,4997.5
E-RAB,E-RAB Release by eNB per Cell per QCI,RelNormalbyEnbQci(count),,5020,4860.5,5064.5,4844,5145.5,4977.5,4980,5042,4915,5115,5032.5,5132,4968.5,4893,5062,4897.5,4981.5,5129,4927.5,5117.5,4952.5,4949,4948,4997.5
E-RAB,E-RAB Release by eNB per Cell per QCI,RelNormalbyEnbQci_UserInactivity(count),,5020,4860.5,5064.5,4844,5145.5,4977.5,4980,5042,4915,5115,5032.5,5132,4968.5,4893,5062,4897.5,4981.5,5129,4927.5,5117.5,4952.5,4949,4948,4997.5
E-RAB,E-RAB Release by eNB per Cell per QCI,RelNormalbyEnbQci_Pre(count),,0,0,0,0,0,0,0,0,0,0,0,0,0,0,0,0,0,0,0,0,0,0,0,0
E-RAB,E-RAB Release by eNB per Cell per QCI,RelNormalbyEnbActQci(count),,2633.5,2507,2673.5,2569,2472,2639.5,2581.5,2627,2573.5,2667.5,2712,2492,2455,3033,3228.5,3008.5,3176.5,3239,3086.5,3272.5,3100.5,3105,3075.5,3154
E-RAB,E-RAB Release by eNB per Cell per QCI,RelAbnormalbyEnbQci(count),,0,0,0,0,0,0,0,0,0,0,0,0,0,0,0,0,0,0,0,0,0,0,0,0
E-RAB,E-RAB Release by eNB per Cell per QCI,RelAbnormalbyEnbActQci(count),,0,0,0,0,0,0,0,0,0,0,0,0,0,0,0,0,0,0,0,0,0,0,0,0
E-RAB,E-RAB Release by eNB per Cell per QCI,RelAbnormalbyEnbActQci_RadioLinkFail(count),,0,0,0,0,0,0,0,0,0,0,0,0,0,0,0,0,0,0,0,0,0,0,0,0
E-RAB,E-RAB Release by eNB per Cell per QCI,RelAbnormalbyEnbActQci_TimeOut(count),,0,0,0,0,0,0,0,0,0,0,0,0,0,0,0,0,0,0,0,0,0,0,0,0
E-RAB,E-RAB Release by eNB per Cell per QCI,RelAbnormalbyEnbActQci_S1LinkFail(count),,0,0,0,0,0,0,0,0,0,0,0,0,0,0,0,0,0,0,0,0,0,0,0,0
E-RAB,E-RAB Release by eNB per Cell per QCI,RelAbnormalbyEnbActQci_S1Reset(count),,0,0,0,0,0,0,0,0,0,0,0,0,0,0,0,0,0,0,0,0,0,0,0,0
Resource,Resource,MemUsageAvg(%),"ShelfId0,SlotId0",70.91,71.67,71.99,72.02,72.04,72.06,72.07,72.08,72.09,72.1,72.16,72.06,71.94,68.94,69.85,70.34,70.6,70.38,70.52,70.47,70.56,70.56,70.46,70.56
Resource,Resource,MemUsageAvg(%),"ShelfId0,SlotId1",68.3,68.35,68.32,68.34,68.36,68.37,68.39,68.4,68.42,68.43,68.49,68.26,67.13,70.87,70.87,70.88,70.85,70.87,70.89,70.9,70.88,70.9,70.9,70.88
Resource,Resource,MemUsageAvg(%),"ShelfId0,SlotId2",-,-,-,-,-,-,-,-,-,-,-,-,-,-,-,-,-,-,-,-,-,-,-,-
Resource,Resource,MemUsageAvg(%),"ShelfId0,SlotId3",-,-,-,-,-,-,-,-,-,-,-,-,-,-,-,-,-,-,-,-,-,-,-,-
Resource,Resource,CpuUsageAvg(%),"ShelfId0,SlotId0",12.55,12.51,12.41,12.43,12.51,12.53,12.45,12.5,12.51,12.52,12.62,12.51,12.51,12.55,12.65,12.59,12.62,12.6,12.61,12.6,12.61,12.62,12.6,12.64
Resource,Resource,CpuUsageAvg(%),"ShelfId0,SlotId1",5.25,5.22,5.21,5.2,5.21,5.21,5.22,5.23,5.21,5.2,5.25,5.22,5.21,5.23,5.25,5.24,5.23,5.23,5.23,5.25,5.24,5.24,5.25,5.26
Resource,Resource,CpuUsageAvg(%),"ShelfId0,SlotId2",-,-,-,-,-,-,-,-,-,-,-,-,-,-,-,-,-,-,-,-,-,-,-,-
Resource,Resource,CpuUsageAvg(%),"ShelfId0,SlotId3",-,-,-,-,-,-,-,-,-,-,-,-,-,-,-,-,-,-,-,-,-,-,-,-
Resource,Resource,CpuUsageMax(%),"ShelfId0,SlotId0",22,22.5,21,22,22,22,22,22.5,22.5,22,22.5,27,22,22.5,22.5,22,22,22.5,22.5,22,22,22.5,24,23.5
Resource,Resource,CpuUsageMax(%),"ShelfId0,SlotId1",9,9.5,9.5,9.5,9.5,9.5,9.5,9.5,9.5,9,10.5,9.5,9,9.5,9,9,9,9,9,9,9,9.5,9.5,9.5
Resource,Resource,CpuUsageMax(%),"ShelfId0,SlotId2",-,-,-,-,-,-,-,-,-,-,-,-,-,-,-,-,-,-,-,-,-,-,-,-
Resource,Resource,CpuUsageMax(%),"ShelfId0,SlotId3",-,-,-,-,-,-,-,-,-,-,-,-,-,-,-,-,-,-,-,-,-,-,-,-
Resource,Resource,DiskUsageAvg(%),"ShelfId0,SlotId0",14.36,14.91,15.15,15.16,15.16,15.16,15.15,15.16,15.16,15.16,15.16,15.16,15.16,13.73,14.39,14.82,15.04,14.82,14.93,14.87,14.94,14.93,14.83,14.91
Resource,Resource,DiskUsageAvg(%),"ShelfId0,SlotId1",24.27,24.29,24.29,24.3,24.31,24.32,24.33,24.34,24.35,24.36,24.37,24.36,24.37,24.67,24.67,24.68,24.66,24.67,24.68,24.69,24.68,24.68,24.69,24.65
Resource,Resource,DiskUsageAvg(%),"ShelfId0,SlotId2",-,-,-,-,-,-,-,-,-,-,-,-,-,-,-,-,-,-,-,-,-,-,-,-
Resource,Resource,DiskUsageAvg(%),"ShelfId0,SlotId3",-,-,-,-,-,-,-,-,-,-,-,-,-,-,-,-,-,-,-,-,-,-,-,-
(ACPF) EN-DC,UE Connection Number per gNB,UeNoAvg(count),,-,-,-,-,-,-,-,-,-,-,-,-,-,-,-,-,-,-,-,-,-,-,-,-
(ACPF) EN-DC,UE Connection Number per gNB,UeNoMax(count),,-,-,-,-,-,-,-,-,-,-,-,-,-,-,-,-,-,-,-,-,-,-,-,-
TELUS LTE KPI,Accessibility,(21B)LTE_AFR(Access Failure rate) (%),,0,0,0,0,0,0,0,0,0,0,0.01,0,0,0,0,0,0,0,0,0,0,0,0,0
TELUS LTE KPI,Accessibility,(20A)LTE_AFR_excluding MO Signaling (%),,0,0,0,0,0,0,0,0,0,0,0,0,0,0,0,0,0,0,0,0,0,0,0,0
TELUS LTE KPI,Accessibility,(20A)VoLTE AFR (%),,0,0,0,0,0,0,0,0,0,0,0,0,0,0,0,0,0,0,0,0,0,0,0,0
TELUS LTE KPI,Accessibility,(20A)S1 Failure rate (%),,0,0,0,0,0,0,0,0,0,0,0,0,0,0,0,0,0,0,0,0,0,0,0,0
TELUS LTE KPI,Accessibility,(20A)RRC Setup Success Rate(eMTC) (%),,-,-,-,-,-,-,-,-,-,-,-,-,-,-,-,-,-,-,-,-,-,-,-,-
TELUS LTE KPI,Accessibility,(21B)RACH Failure Rate (%),,4.34,4.17,5.1,4.24,4.68,5.21,4.18,4.58,4.67,4.43,4.69,4.72,4.9,5.35,5.8,6.12,5.67,5.67,5.91,5.28,5.58,5.47,5.34,5.57
TELUS LTE KPI,Accessibility,(20A)SgNB Addition Success Rate (%),,100,100,100,100,100,100,100,100,100,100,100,100,100,100,100,100,100,100,100,100,100,100,100,99.98
TELUS LTE KPI,Accessibility,(21B)eMTC ERAB Success Rate (%),,-,-,-,-,-,-,-,-,-,-,-,-,-,-,-,-,-,-,-,-,-,-,-,-
TELUS LTE KPI,Accessibility,(20A)RRC Setup Failure Rate with MO Signaling (%),,0,0,0,0,0,0,0,0,0,0,0,0,0,0,0,0,0,0,0,0,0,0,0,0
TELUS LTE KPI,Accessibility,(20A)RRC Reestablishment Rate (%),,0,0,0,0,0,0,0,0,0,0,0,0,0,0,0,0,0,0,0,0,0,0,0,0
TELUS LTE KPI,Accessibility,(20A)RRC Reestablishment Failure Rate (%),,-,-,-,-,-,-,-,-,-,-,-,-,-,-,-,-,-,-,-,-,-,-,-,-
TELUS LTE KPI,Accessibility,(21B)Total eRAB Setup Failure Rate (%),,0,0,0,0,0,0,0,0,0,0,0,0,0,0,0,0,0,0,0,0,0,0,0,0
TELUS LTE KPI,Retainability,(21B)LTE Drop per Hour per PLMN (count),,-,-,-,-,-,-,-,-,-,-,-,-,-,-,-,-,-,-,-,-,-,-,-,-
TELUS LTE KPI,Retainability,(20C)VoLTE Drop Call Rate (%),,0,0,0,0,0,0,0,0,0,0,0,0,0,0,0,0,0,0,0,0,0,0,0,0
TELUS LTE KPI,Retainability,(20C)VoLTE Call (count),,0,0,0,0,0,0,0,0,0,0,0,0,0,0,0,0,0,0,0,0,0,0,0,0
TELUS LTE KPI,Retainability,(20A)WPS ERAB Setup Failure Rate (%),,-,-,-,-,-,-,-,-,-,-,-,-,-,-,-,-,-,-,-,-,-,-,-,-
TELUS LTE KPI,Retainability,(20C)WPS DPH (count),,-,-,-,-,-,-,-,-,-,-,-,-,-,-,-,-,-,-,-,-,-,-,-,-
TELUS LTE KPI,Service Integrity,(20A)LTE UE DL Throughput (Mbps),,0.05,0.05,0.05,0.05,0.05,0.05,0.05,0.05,0.05,0.05,0.04,0.05,0.05,0.06,0.05,0.06,0.06,0.06,0.06,0.06,0.06,0.06,0.06,0.06
TELUS LTE KPI,Service Integrity,(20A)LTE UE DL QCI8 Throughput (Mbps),,-,-,-,-,-,-,-,-,-,-,-,-,-,-,-,-,-,-,-,-,-,-,-,-
TELUS LTE KPI,Service Integrity,(20A)LTE UE DL QCI9 Throughput (Mbps),,0.05,0.05,0.05,0.05,0.05,0.05,0.05,0.05,0.05,0.05,0.04,0.05,0.05,0.06,0.05,0.06,0.06,0.06,0.06,0.06,0.06,0.06,0.06,0.06
TELUS LTE KPI,Service Integrity,(20A)LTE UE UL Throughput (Mbps),,-,-,-,-,-,-,-,-,-,-,-,-,-,-,-,-,-,-,-,-,-,-,-,-
TELUS LTE KPI,Service Integrity,(20C)LTE DL CA Throughput (Mbps),,-,-,-,-,-,-,-,-,-,-,-,-,-,-,-,-,-,-,-,-,-,-,-,-
TELUS LTE KPI,Service Integrity,(20A)Downlink Packet Loss Rate (ppm),,-,-,-,-,-,-,-,-,-,-,-,-,-,-,-,-,-,-,-,-,-,-,-,-
TELUS LTE KPI,Service Integrity,(20A)Downlink Packet Loss Rate(VoLTE) (ppm),,0,0,0,0,0,0,0,0,0,0,0,0,0,0,0,0,0,0,0,0,0,0,0,0
TELUS LTE KPI,Service Integrity,(20A)Uplink Packet Loss Rate (ppm),,-,-,-,-,-,-,-,-,-,-,-,-,-,-,-,-,-,-,-,-,-,-,-,-
TELUS LTE KPI,Service Integrity,(20A)Uplink Packet Loss Rate(VoLTE) (ppm),,0,0,0,0,0,0,0,0,0,0,0,0,0,0,0,0,0,0,0,0,0,0,1.15,0
TELUS LTE KPI,Service Integrity,(20A)Downlink Residual Block Error Rate (eMTC) (%),,-,-,-,-,-,-,-,-,-,-,-,-,-,-,-,-,-,-,-,-,-,-,-,-
TELUS LTE KPI,Service Integrity,(20A)Uplink Residual Block Error Rate (eMTC) (%),,-,-,-,-,-,-,-,-,-,-,-,-,-,-,-,-,-,-,-,-,-,-,-,-
TELUS LTE KPI,Service Integrity,(20A)LTE Uplink Interference (dBm),,-116.1,-114.75,-114.22,-114.95,-114.19,-114.05,-114.61,-114.41,-114.22,-114.37,-113.41,-115.05,-115.29,-114.29,-114.52,-115.56,-113.51,-115.4,-114.89,-115.47,-115.4,-115.04,-114.23,-115.76
TELUS LTE KPI,Service Integrity,(20A)QCI1 Mean packet delay (ms),,-,-,-,-,-,-,-,-,-,-,-,-,-,-,-,-,-,-,-,-,-,-,-,-
TELUS LTE KPI,Service Integrity,(20A)QCI8 Mean packet delay (ms),,-,-,-,-,-,-,-,-,-,-,-,-,-,-,-,-,-,-,-,-,-,-,-,-
TELUS LTE KPI,Service Integrity,(20A)QCI9 Mean packet delay (ms),,-,-,-,-,-,-,-,-,-,-,-,-,-,-,-,-,-,-,-,-,-,-,-,-
TELUS LTE KPI,Traffic,(20A)LTE DL Volume (MBytes),,26325.43,24618.58,24954.17,24373.66,25710.02,24761.27,24874.53,26474.08,24614.68,24836.43,25927.19,27358.8,25131.89,22877.3,22915.9,23021.1,23060.87,23054.8,22887.35,23006.42,23177.11,23154.79,23187.42,22966.6
TELUS LTE KPI,Traffic,(20A)LTE DL Volume per QCI1 (MBytes),,31.75,32.08,31.97,31.46,31.76,31.7,31.96,31.89,32.06,31.98,31.6,31.77,32.03,31.73,32.05,31.93,31.45,31.78,31.58,31.92,31.74,32.05,31.93,31.45
TELUS LTE KPI,Traffic,(20A)LTE DL Volume per QCI2 (MBytes),,0,0,0,0,0,0,0,0,0,0,0,0,0,0,0,0,0,0,0,0,0,0,0,0
TELUS LTE KPI,Traffic,(20A)LTE DL Volume per QCI3 (MBytes),,0,0,0,0,0,0,0,0,0,0,0,0,0,0,0,0,0,0,0,0,0,0,0,0
TELUS LTE KPI,Traffic,(20A)LTE DL Volume per QCI4 (MBytes),,0,0,0,0,0,0,0,0,0,0,0,0,0,0,0,0,0,0,0,0,0,0,0,0
TELUS LTE KPI,Traffic,(20A)LTE DL Volume per QCI5 (MBytes),,0.51,0.51,0.51,0.51,0.51,0.51,0.5,0.51,0.51,0.51,0.51,0.52,0.5,0.51,0.51,0.5,0.51,0.51,0.51,0.51,0.52,0.51,0.51,0.52
TELUS LTE KPI,Traffic,(20A)LTE DL Volume per QCI6 (MBytes),,0,0,0,0,0,0,0,0,0,0,0,0,0,0,0,0,0,0,0,0,0,0,0,0
TELUS LTE KPI,Traffic,(20A)LTE DL Volume per QCI7 (MBytes),,0,0,0,0,0,0,0,0,0,0,0,0,0,0,0,0,0,0,0,0,0,0,0,0
TELUS LTE KPI,Traffic,(20A)LTE DL Volume per QCI8 (MBytes),,0,0,0,0,0,0,0,0,0,0,0,0,0,0,0,0,0,0,0,0,0,0,0,0
TELUS LTE KPI,Traffic,(20A)LTE DL Volume per QCI9 (MBytes),,26293.17,24585.99,24921.69,24341.69,25677.75,24729.06,24842.07,26441.67,24582.11,24803.93,25895.09,27326.52,25099.35,22845.06,22883.33,22988.68,23028.91,23022.51,22855.27,22973.98,23144.86,23122.23,23154.99,22934.63
TELUS LTE KPI,Traffic,(20A)LTE UL Volume (MBytes),,5849.03,5340.7,5484.79,5917.15,5217.91,5730.47,5394.32,5561.13,5439.86,5763.55,5943.72,5140.59,5306.57,4589.84,5406.86,5620.9,5538.19,4871.3,5203.59,5243.73,5026.08,5343.13,6039.32,5436.73
TELUS LTE KPI,Traffic,(20A)LTE UL Volume per QCI1 (MBytes),,31.75,32.07,31.96,31.46,31.75,31.7,31.95,31.88,32.06,31.98,31.59,31.76,32.02,31.72,32.05,31.92,31.44,31.78,31.58,31.92,31.73,32.04,31.92,31.45
TELUS LTE KPI,Traffic,(20A)LTE UL Volume per QCI2 (MBytes),,0,0,0,0,0,0,0,0,0,0,0,0,0,0,0,0,0,0,0,0,0,0,0,0
TELUS LTE KPI,Traffic,(20A)LTE UL Volume per QCI3 (MBytes),,0,0,0,0,0,0,0,0,0,0,0,0,0,0,0,0,0,0,0,0,0,0,0,0
TELUS LTE KPI,Traffic,(20A)LTE UL Volume per QCI4 (MBytes),,0,0,0,0,0,0,0,0,0,0,0,0,0,0,0,0,0,0,0,0,0,0,0,0
TELUS LTE KPI,Traffic,(20A)LTE UL Volume per QCI5 (MBytes),,0.57,0.57,0.57,0.57,0.56,0.57,0.56,0.57,0.57,0.57,0.56,0.56,0.57,0.56,0.57,0.57,0.57,0.57,0.57,0.56,0.56,0.57,0.56,0.58
TELUS LTE KPI,Traffic,(20A)LTE UL Volume per QCI6 (MBytes),,0,0,0,0,0,0,0,0,0,0,0,0,0,0,0,0,0,0,0,0,0,0,0,0
TELUS LTE KPI,Traffic,(20A)LTE UL Volume per QCI7 (MBytes),,0,0,0,0,0,0,0,0,0,0,0,0,0,0,0,0,0,0,0,0,0,0,0,0
TELUS LTE KPI,Traffic,(20A)LTE UL Volume per QCI8 (MBytes),,0,0,0,0,0,0,0,0,0,0,0,0,0,0,0,0,0,0,0,0,0,0,0,0
TELUS LTE KPI,Traffic,(20A)LTE UL Volume per QCI9 (MBytes),,5816.7,5308.06,5452.26,5885.12,5185.59,5698.2,5361.81,5528.68,5407.23,5731,5911.57,5108.27,5273.98,4557.56,5374.23,5588.41,5506.18,4838.95,5171.44,5211.25,4993.78,5310.52,6006.85,5404.7
TELUS LTE KPI,Traffic,(20A)LTE Data Volume (MB) (MBytes),,-,-,-,-,-,-,-,-,-,-,-,-,-,-,-,-,-,-,-,-,-,-,-,-
TELUS LTE KPI,Traffic,(20A)Average User Number (count),,186.28,187.1,185.66,185.84,185.95,185.94,186.58,186.28,186.75,185.8,186.19,185.7,186.4,186.41,186.15,186.74,185.79,185.96,185.25,186.02,186.19,186.69,185.9,185.33
TELUS LTE KPI,Traffic,(21B)eMTC_Traffic (MBytes),,-,-,-,-,-,-,-,-,-,-,-,-,-,-,-,-,-,-,-,-,-,-,-,-
TELUS LTE KPI,Traffic,(20A)eMTC DL Throughput(Mpbs),,-,-,-,-,-,-,-,-,-,-,-,-,-,-,-,-,-,-,-,-,-,-,-,-
TELUS LTE KPI,Traffic,(20A) LTE Traffic User eMTC Max (count),,-,-,-,-,-,-,-,-,-,-,-,-,-,0,0,0,0,0,0,0,0,0,0,0
TELUS LTE KPI,Traffic,(20A)WPS DL Throughput (Mbps),,-,-,-,-,-,-,-,-,-,-,-,-,-,-,-,-,-,-,-,-,-,-,-,-
TELUS LTE KPI,Traffic,(20C)WPS DL Throughput per PLMN (Mbps),,-,-,-,-,-,-,-,-,-,-,-,-,-,-,-,-,-,-,-,-,-,-,-,-
TELUS LTE KPI,Traffic,(20A)WPS Total Volume (MBytes),,0,0,0,0,0,0,0,0,0,0,0,0,0,0,0,0,0,0,0,0,0,0,0,0
TELUS LTE KPI,Traffic,(20A)CA Traffic Ratio (%),,-,-,-,-,-,-,-,-,-,-,-,-,-,-,-,-,-,-,-,-,-,-,-,-
TELUS LTE KPI,Utilization,(20A)DL PRB Utilization (%),,76.61,73.36,73.83,74.03,76.48,74.02,73.87,76.99,74.1,74.43,76.18,79.28,74.63,69.74,70.35,70.9,70.99,70.73,70.41,70.94,70.83,70.98,71.29,70.68
TELUS LTE KPI,Utilization,(20C)DL PRB Utilization (%),,74.92,70.78,72.14,71.43,73.87,72.33,71.56,74.74,71.62,72.73,73.79,77.58,72.95,68.06,68.03,68.52,68.55,68.1,68.72,69.22,69.13,69.28,69.6,68.98
TELUS LTE KPI,Utilization,(20A)UL PRB Utilization (%),,91.4,85.54,85.78,93.21,86.29,89.48,85.05,87.69,85.53,89.64,93.18,85.05,84.27,78.99,85.16,88.46,88.05,81.22,83.65,85.57,85.46,86,93.28,89.36
TELUS LTE KPI,Utilization,(20C)UL PRB Utilization (%),,91.33,85.47,85.71,93.15,86.22,89.41,84.98,87.62,85.46,89.57,93.11,84.98,84.2,78.92,85.09,88.39,87.98,81.15,83.58,85.5,85.39,85.93,93.22,89.29
TELUS LTE KPI,Utilization,(21B)2CC Utilizaion per PLMN (%),,87.32,86.37,86.2,85.2,85.71,85.79,86.16,87.18,85.33,86.14,87.18,87.28,86.56,86.59,87.31,85.65,85.96,86.13,86.91,86.53,86.66,87.04,86.59,86.57
TELUS LTE KPI,Utilization,(21B)3CC Utilizaion per PLMN (%),,0,0,0,0,0,0,0,0,0,0,0,0,0,0,0,0,0,0,0,0,0,0,0,0
TELUS LTE KPI,Utilization,(21B)4CC Utilizaion per PLMN (%),,0,0,0,0,0,0,0,0,0,0,0,0,0,0,0,0,0,0,0,0,0,0,0,0
TELUS LTE KPI,Utilization,(21B)5CC Utilizaion per PLMN (%),,0,0,0,0,0,0,0,0,0,0,0,0,0,0,0,0,0,0,0,0,0,0,0,0
TELUS LTE KPI,Utilization,(21B)6CC Utilizaion per PLMN (%),,0,0,0,0,0,0,0,0,0,0,0,0,0,0,0,0,0,0,0,0,0,0,0,0
TELUS LTE KPI,Utilization,(21B)7CC Utilizaion per PLMN (%),,0,0,0,0,0,0,0,0,0,0,0,0,0,0,0,0,0,0,0,0,0,0,0,0
TELUS LTE KPI,Mobility,(20A)LTE Redirections to WCDMA (Count),,0,0,0,0,0,0,0,0,0,0,0,0,0,0,0,0,0,0,0,0,0,0,0,0
TELUS LTE KPI,Mobility,(21B)LTE Redirections to WCDMA per PLMN(Count),,-,-,-,-,-,-,-,-,-,-,-,-,-,-,-,-,-,-,-,-,-,-,-,-
TELUS LTE KPI,Mobility,(20A)Coverage Triggered LTE Redirections to WCDMA (Count),,0,0,0,0,0,0,0,0,0,0,0,0,0,0,0,0,0,0,0,0,0,0,0,0
TELUS LTE KPI,Mobility,(21B)Coverage Triggered LTE Redirections to WCDMA per PLMN (Count),,-,-,-,-,-,-,-,-,-,-,-,-,-,-,-,-,-,-,-,-,-,-,-,-
TELUS LTE KPI,Mobility,(21B)CSFB Triggered LTE Redirections to WCDMA (Count),,-,-,-,-,-,-,-,-,-,-,-,-,-,-,-,-,-,-,-,-,-,-,-,-
TELUS LTE KPI,Mobility,(20A) LTE Intra Frequency HO Failure Rate (%),,0,0,0,0,0,0,0,0,0,0,0,0,0,0,0,0,0,0,0,0,0,0,0,0
TELUS LTE KPI,Mobility,(20A)SRVCC Preparation Attempts (Count),,0,0,0,0,0,0,0,0,0,0,0,0,0,0,0,0,0,0,0,0,0,0,0,0
TELUS LTE KPI,Mobility,(21B)SRVCC Execution Attempts per PLMN (Count),,-,-,-,-,-,-,-,-,-,-,-,-,-,-,-,-,-,-,-,-,-,-,-,-
TELUS LTE KPI,Mobility,(21B)SRVCC Preparation Failure Rate per PLMN (%),,-,-,-,-,-,-,-,-,-,-,-,-,-,-,-,-,-,-,-,-,-,-,-,-
TELUS LTE KPI,Mobility,(21B)SRVCC Execution Failure Rate per PLMN (%),,-,-,-,-,-,-,-,-,-,-,-,-,-,-,-,-,-,-,-,-,-,-,-,-
TELUS LTE KPI,Mobility,(20A)CSFB Failure Rate (%),,-,-,-,-,-,-,-,-,-,-,-,-,-,-,-,-,-,-,-,-,-,-,-,-
TELUS LTE KPI,Mobility,(21B)SRVCC Success Rate(LTE to WCDMA) (%),,-,-,-,-,-,-,-,-,-,-,-,-,-,-,-,-,-,-,-,-,-,-,-,-
TELUS LTE KPI,Mobility,(20A)Intra-Frequency Handover Out Success Rate(eMTC) (%),,-,-,-,-,-,-,-,-,-,-,-,-,-,-,-,-,-,-,-,-,-,-,-,-
TELUS LTE KPI,Mobility,(20A)Inter-Frequency Handover Out SuccessRate(eMTC) (%),,-,-,-,-,-,-,-,-,-,-,-,-,-,-,-,-,-,-,-,-,-,-,-,-
TELUS LTE KPI,Mobility,(20A)Intra-RAT Handover Out SuccessRate(NSADC) (%),,-,-,-,-,-,-,-,-,-,-,-,-,-,-,-,-,-,-,-,-,-,-,-,-
TELUS LTE KPI,Mobility,(20A)S1 HO Failure Rate(Exec) (%),,-,-,-,-,-,-,-,-,-,-,-,-,-,-,-,-,-,-,-,-,-,-,-,-
TELUS LTE KPI,Mobility,(20A)S1 HO Failure Rate(Prep) (%),,-,-,-,-,-,-,-,-,-,-,-,-,-,-,-,-,-,-,-,-,-,-,-,-
TELUS LTE KPI,Mobility,(21B)Outgoing Intra Freq X2 Prep Failure Rate(PLMN) (%),,-,-,-,-,-,-,-,-,-,-,-,-,-,-,-,-,-,-,-,-,-,-,-,-
TELUS LTE KPI,Mobility,(21B)Outgoing Intra Freq X2 Exce Failure Rate(PLMN) (%),,-,-,-,-,-,-,-,-,-,-,-,-,-,-,-,-,-,-,-,-,-,-,-,-
TELUS LTE KPI,Mobility,(21B)Outgoing Inter Freq X2 Prep Failure Rate(PLMN) (%),,-,-,-,-,-,-,-,-,-,-,-,-,-,-,-,-,-,-,-,-,-,-,-,-
TELUS LTE KPI,Mobility,(21B)Outgoing Inter Freq X2 Exce Failure Rate(PLMN) (%),,-,-,-,-,-,-,-,-,-,-,-,-,-,-,-,-,-,-,-,-,-,-,-,-
TELUS LTE KPI,Mobility,(21B)Outgoing Intra Freq X2 Prep Failure Rate(VOIP)(PLMN) (%),,-,-,-,-,-,-,-,-,-,-,-,-,-,-,-,-,-,-,-,-,-,-,-,-
TELUS LTE KPI,Mobility,(21B)Outgoing Intra Freq X2 Exce Failure Rate(VOIP)(PLMN) (%),,-,-,-,-,-,-,-,-,-,-,-,-,-,-,-,-,-,-,-,-,-,-,-,-
TELUS LTE KPI,Mobility,(21B)Outgoing Inter Freq X2 Prep Failure Rate(VOIP)(PLMN) (%),,-,-,-,-,-,-,-,-,-,-,-,-,-,-,-,-,-,-,-,-,-,-,-,-
TELUS LTE KPI,Mobility,(21B)Outgoing Inter Freq X2 Exce Failure Rate(VOIP)(PLMN) (%),,-,-,-,-,-,-,-,-,-,-,-,-,-,-,-,-,-,-,-,-,-,-,-,-
Telus NSA KPI [LTE],Accessibility,(20C) NSA_LTE_AFR_DATA [%],%,-,-,-,-,-,-,-,-,-,-,-,-,-,-,-,-,-,-,-,-,-,-,-,-
Telus NSA KPI [LTE],Accessibility,(21C) NSA_LTE_ERAB_MOD_FR [%],%,-,-,-,-,-,-,-,-,-,-,-,-,-,-,-,-,-,-,-,-,-,-,-,-
Telus NSA KPI [NR],Accessibility,(20C) NSA_NR_AFR_DATA [%],%,-,-,-,-,-,-,-,-,-,-,-,-,-,-,-,-,-,-,-,-,-,-,-,-
Telus NSA KPI [LTE],Accessibility,(20C) NSA_LTE_AFR_SGNB [%],%,-,-,-,-,-,-,-,-,-,-,-,-,-,-,-,-,-,-,-,-,-,-,-,-
Telus NSA KPI [NR],Accessibility,(20C) NSA_NR_AFR_SGNB [%],%,-,-,-,-,-,-,-,-,-,-,-,-,-,-,-,-,-,-,-,-,-,-,-,-
Telus NSA KPI,Mobility,(20C) L.NsaDc.HHO.ExecFR Out [%],%,-,-,-,-,-,-,-,-,-,-,-,-,-,-,-,-,-,-,-,-,-,-,-,-
Telus NSA KPI,Mobility,(20C) N.NsaDc.IntraSgNB.PSCell.Change.AttFR [%],%,-,-,-,-,-,-,-,-,-,-,-,-,-,-,-,-,-,-,-,-,-,-,-,-
Telus NSA KPI,Mobility,(20C) N.NsaDc.InterSgNB.PSCell.Change.AttFR [%],%,-,-,-,-,-,-,-,-,-,-,-,-,-,-,-,-,-,-,-,-,-,-,-,-
Telus NSA KPI,Retainability,(21C) NSA_LTE_DCR [%],%,100,100,100,100,100,100,100,100,100,100,100,100,100,100,100,100,100,100,100,100,100,100,100,100
Telus NSA KPI,Retainability,(20C) NSA_NR_DCR_DATA [%],%,-,-,-,-,-,-,-,-,-,-,-,-,-,-,-,-,-,-,-,-,-,-,-,-
Telus NSA KPI,Retainability,(20C) NSA_NR_DCR [%],%,-,-,-,-,-,-,-,-,-,-,-,-,-,-,-,-,-,-,-,-,-,-,-,-
Telus NSA KPI,Throughput,(20C) NSA_NR_DL_Cell_THPT [Mbps],Mbps,-,-,-,-,-,-,-,-,-,-,-,-,-,-,-,-,-,-,-,-,-,-,-,-
Telus NSA KPI,Throughput,(20C) NSA_NR_UL_Cell_THPT [Mbps],Mbps,-,-,-,-,-,-,-,-,-,-,-,-,-,-,-,-,-,-,-,-,-,-,-,-
Telus NSA KPI,Throughput,(20C) NSA_LTE_UL_THPT [Kbps],Kbps,-,-,-,-,-,-,-,-,-,-,-,-,-,-,-,-,-,-,-,-,-,-,-,-
Telus NSA KPI,Throughput,(21C) NSA_LTE_UL_THPT [Kbps],Kbps,-,-,-,-,-,-,-,-,-,-,-,-,-,-,-,-,-,-,-,-,-,-,-,-
Telus NSA KPI,Throughput,(21C) NSA_User_ULSpeed (LTE+NR UL Tput) [Kbps],Kbps,-,-,-,-,-,-,-,-,-,-,-,-,-,-,-,-,-,-,-,-,-,-,-,-
Telus NSA KPI,Traffic,(20C) NR_Avail [%],%,-,-,-,-,-,-,-,-,-,-,-,-,-,-,-,-,-,-,-,-,-,-,-,-
Telus NSA KPI,Traffic,(20C) NSA_Total_DL_Traffic_Volume(MB) [Mbyte],Mbyte,-,-,-,-,-,-,-,-,-,-,-,-,-,-,-,-,-,-,-,-,-,-,-,-
Telus NSA KPI,Traffic,(20C) NSA_Total_UL_Traffic_Volume(MB) [Mbyte],Mbyte,-,-,-,-,-,-,-,-,-,-,-,-,-,-,-,-,-,-,-,-,-,-,-,-
Telus NSA KPI,Traffic,(20C) NSA_NR_DL_Traffic_Volume(MB) [Mbyte],Mbyte,-,-,-,-,-,-,-,-,-,-,-,-,-,-,-,-,-,-,-,-,-,-,-,-
Telus NSA KPI,Traffic,(20C) NSA_NR_UL_Traffic_Volume(MB) [Mbyte],Mbyte,-,-,-,-,-,-,-,-,-,-,-,-,-,-,-,-,-,-,-,-,-,-,-,-
Telus NSA KPI,Traffic,(20C) NSA_NR_DL_PRB_Util [%],%,-,-,-,-,-,-,-,-,-,-,-,-,-,-,-,-,-,-,-,-,-,-,-,-
Telus NSA KPI,Traffic,(20C) NSA_NR_UL_PRB_Util [%],%,-,-,-,-,-,-,-,-,-,-,-,-,-,-,-,-,-,-,-,-,-,-,-,-
Telus NSA KPI,Traffic,(20C) L.Traffic.User.NsaDc.PCell.Avg [#],#,84.15,84.79,84.3,84.33,85.97,84.39,84.66,84.46,83.92,85.02,83.93,86.44,85.06,100.5,97.53,94.33,97.83,103.27,96.69,98.56,100.4,96.96,95.17,99.84
Telus NSA KPI,Traffic,(20C) N.User.NsaDc.PSCell.Avg [#],#,-,-,-,-,-,-,-,-,-,-,-,-,-,-,-,-,-,-,-,-,-,-,-,-
Telus NSA KPI,Traffic,(20C) N.User.RRCConn.Max [#],#,-,-,-,-,-,-,-,-,-,-,-,-,-,-,-,-,-,-,-,-,-,-,-,-
Telus NSA KPI,Traffic,(20C) NSA_NR_DL_Traffic_Split_PCT [%],%,-,-,-,-,-,-,-,-,-,-,-,-,-,-,-,-,-,-,-,-,-,-,-,-
Telus NSA KPI,Traffic,(20C) NSA_Total_Traffic_Volume(MB) [Mbyte],Mbyte,-,-,-,-,-,-,-,-,-,-,-,-,-,-,-,-,-,-,-,-,-,-,-,-
Telus SA KPI,Accessibility,SA: RRC Connection Setup Failure Rate (%),,0,0,0,0,0,0,0,0,0,0,0,0,0,0,0,0,0,0,0,0,0,0,0,0
Telus SA KPI,Accessibility,SA: NG Connection Setup Failure Rate (%),,-,-,-,-,-,-,-,-,-,-,-,-,-,-,-,-,-,-,-,-,-,-,-,-
Telus SA KPI,Accessibility,SA: DRB Setup Failure Rate (%),,-,-,-,-,-,-,-,-,-,-,-,-,-,-,-,-,-,-,-,-,-,-,-,-
Telus SA KPI,Accessibility,SA: DRB Accessibility Failure Rate (%),,-,-,-,-,-,-,-,-,-,-,-,-,-,-,-,-,-,-,-,-,-,-,-,-
Telus SA KPI,Accessibility,SA: RRC Re-establishment Failure Rate (%),,-,-,-,-,-,-,-,-,-,-,-,-,-,-,-,-,-,-,-,-,-,-,-,-
Telus SA KPI,Accessibility,SA: RRC Re-establishment Rate (%),,-,-,-,-,-,-,-,-,-,-,-,-,-,-,-,-,-,-,-,-,-,-,-,-
Telus SA KPI,Mobility,SA: Intra-Frequency Handover Failure Rate (%),,-,-,-,-,-,-,-,-,-,-,-,-,-,-,-,-,-,-,-,-,-,-,-,-
Telus SA KPI,Mobility,SA: Inter-Frequency Handover Failure Rate (%),,-,-,-,-,-,-,-,-,-,-,-,-,-,-,-,-,-,-,-,-,-,-,-,-
Telus SA KPI,Mobility,SA: Inter-RAT Handover Failure Rate to E-UTRAN (%),,-,-,-,-,-,-,-,-,-,-,-,-,-,-,-,-,-,-,-,-,-,-,-,-
Telus SA KPI,Mobility,SA: Failure Rate of EPS Fallback to E-UTRAN (%),,-,-,-,-,-,-,-,-,-,-,-,-,-,-,-,-,-,-,-,-,-,-,-,-
Telus SA KPI,Mobility,"NR redirection to LTE (coverage based, EPS FB) 3 causes (#)",,-,-,-,-,-,-,-,-,-,-,-,-,-,-,-,-,-,-,-,-,-,-,-,-
Telus SA KPI,Reliability,Cell Availability - excluding Energy Saving (%),,-,-,-,-,-,-,-,-,-,-,-,-,-,-,-,-,-,-,-,-,-,-,-,-
Telus SA KPI,Retainability,SA: Packet lost rate(DL) (ppm),,-,-,-,-,-,-,-,-,-,-,-,-,-,-,-,-,-,-,-,-,-,-,-,-
Telus SA KPI,Retainability,SA: Packet lost rate(UL) (ppm),,-,-,-,-,-,-,-,-,-,-,-,-,-,-,-,-,-,-,-,-,-,-,-,-
Telus SA KPI,Retainability,N2 Failure rate(come from S1 failure rate in LTE side) (%),,-,-,-,-,-,-,-,-,-,-,-,-,-,-,-,-,-,-,-,-,-,-,-,-
Telus SA KPI,RF,Average Interference Power for PUCCH (dBm),,-,-,-,-,-,-,-,-,-,-,-,-,-,-,-,-,-,-,-,-,-,-,-,-
Telus SA KPI,RF,Average Interference Power for PUSCH (dBm),,-,-,-,-,-,-,-,-,-,-,-,-,-,-,-,-,-,-,-,-,-,-,-,-
Telus SA KPI,Throughput,SA: Average DL UE Throughput (Kbps),,-,-,-,-,-,-,-,-,-,-,-,-,-,-,-,-,-,-,-,-,-,-,-,-
Telus SA KPI,Throughput,Average UL UE Throughput (Kbps),,-,-,-,-,-,-,-,-,-,-,-,-,-,-,-,-,-,-,-,-,-,-,-,-
Telus SA KPI,Throughput,DL MAC Effective Cell Throughput (Kbps),,-,-,-,-,-,-,-,-,-,-,-,-,-,-,-,-,-,-,-,-,-,-,-,-
Telus SA KPI,Throughput,UL MAC Effective Cell Throughput (Kbps),,-,-,-,-,-,-,-,-,-,-,-,-,-,-,-,-,-,-,-,-,-,-,-,-
Telus SA KPI,Traffic&Capacity,SA: Average Number of RRC Connections (#),,-,-,-,-,-,-,-,-,-,-,-,-,-,-,-,-,-,-,-,-,-,-,-,-
Telus SA KPI,Traffic&Capacity,SA: Peak Number of RRC Connections (#),,-,-,-,-,-,-,-,-,-,-,-,-,-,-,-,-,-,-,-,-,-,-,-,-
Telus SA KPI,Traffic&Capacity,SA: Average Number of Active UEs in DL per 5QI (#),,-,-,-,-,-,-,-,-,-,-,-,-,-,-,-,-,-,-,-,-,-,-,-,-
Telus SA KPI,Traffic&Capacity,Average Number of Active UEs in UL per LCG (#),,-,-,-,-,-,-,-,-,-,-,-,-,-,-,-,-,-,-,-,-,-,-,-,-
Telus SA KPI,Traffic&Capacity,DL Total PRB Utilization (%),,-,-,-,-,-,-,-,-,-,-,-,-,-,-,-,-,-,-,-,-,-,-,-,-
Telus SA KPI,Traffic&Capacity,UL Total PRB Utilization (%),,-,-,-,-,-,-,-,-,-,-,-,-,-,-,-,-,-,-,-,-,-,-,-,-
Telus SA KPI,Traffic&Capacity,"DL Spectrum efficiency(10Mhz Bandwidth, 15kHz) (bps/Hz)",,-,-,-,-,-,-,-,-,-,-,-,-,-,-,-,-,-,-,-,-,-,-,-,-
Telus SA KPI,Traffic&Capacity,"DL Spectrum efficiency(30Mhz Bandwidth, 15kHz) (bps/Hz)",,-,-,-,-,-,-,-,-,-,-,-,-,-,-,-,-,-,-,-,-,-,-,-,-
Telus SA KPI,Traffic&Capacity,"DL Spectrum efficiency(10Mhz Bandwidth, 30kHz) (bps/Hz)",,-,-,-,-,-,-,-,-,-,-,-,-,-,-,-,-,-,-,-,-,-,-,-,-
Telus SA KPI,Traffic&Capacity,"DL Spectrum efficiency(30Mhz Bandwidth, 30kHz) (bps/Hz)",,-,-,-,-,-,-,-,-,-,-,-,-,-,-,-,-,-,-,-,-,-,-,-,-
Telus SA KPI,Traffic&Capacity,"UL Spectrum efficiency(10Mhz Bandwidth, 15kHz) (bps/Hz)",,-,-,-,-,-,-,-,-,-,-,-,-,-,-,-,-,-,-,-,-,-,-,-,-
Telus SA KPI,Traffic&Capacity,"UL Spectrum efficiency(30Mhz Bandwidth, 15kHz) (bps/Hz)",,-,-,-,-,-,-,-,-,-,-,-,-,-,-,-,-,-,-,-,-,-,-,-,-
Telus SA KPI,Traffic&Capacity,"UL Spectrum efficiency(10Mhz Bandwidth, 30kHz) (bps/Hz)",,-,-,-,-,-,-,-,-,-,-,-,-,-,-,-,-,-,-,-,-,-,-,-,-
Telus SA KPI,Traffic&Capacity,"UL Spectrum efficiency(30Mhz Bandwidth, 30kHz) (bps/Hz)",,-,-,-,-,-,-,-,-,-,-,-,-,-,-,-,-,-,-,-,-,-,-,-,-
Telus SA KPI,Traffic&Capacity,SA: DL PDCP SDU Data Volume (MBytes),,-,-,-,-,-,-,-,-,-,-,-,-,-,-,-,-,-,-,-,-,-,-,-,-
Telus SA KPI,Traffic&Capacity,SA: DL PDCP SDU Data Volume per 5QI (MBytes),,-,-,-,-,-,-,-,-,-,-,-,-,-,-,-,-,-,-,-,-,-,-,-,-
Telus SA KPI,Traffic&Capacity,SA: UL PDCP SDU Data Volume (MBytes),,-,-,-,-,-,-,-,-,-,-,-,-,-,-,-,-,-,-,-,-,-,-,-,-
Telus SA KPI,Traffic&Capacity,SA: UL PDCP SDU Data Volume per 5QI (MBytes),,-,-,-,-,-,-,-,-,-,-,-,-,-,-,-,-,-,-,-,-,-,-,-,-
LTE MSG3 Succ Rate,"RRC Connection Establishment,Random Access Preambles",ConnEstabAtt(count) / RandomlySelectedPreamblesLow(count),,95.61,95.78,94.83,95.7,95.26,94.73,95.77,95.36,95.27,95.53,95.25,95.22,95.04,94.58,94.13,93.8,94.25,94.25,94.02,94.65,94.35,94.47,94.57,94.35
RRC & Handover,Paging,AttPaging(count),,1138,151,158,163,159,152,145.5,160,145,161,161.5,156.5,161,141.5,158,226,153.5,160.5,154,158,149,143,134.5,163
RRU,Power Headroom Report,PhrIndex%d(count),,34.81,35.12,34.97,35.33,35.39,35.25,35.05,35.16,35,35.09,35.73,35.51,35.06,35.86,34.72,34.8,35.23,35.12,35.16,35.25,35.75,35.28,35.12,35.4
RRC,"RRC Connection Re-establishment,RRC Connection Establishment",ConnReEstabAtt(count) / ConnEstabSucc(count),,0,0,0,0,0,0,0,0,0,0,0,0,0,0,0,0,0,0,0,0,0,0,0,0
E-RAB,"E-RAB Setup Add,E-RAB Setup Add",EstabAddSuccNbr(count) / EstabAddAttNbr(count),QCI1,100,100,100,100,100,100,100,100,100,100,100,100,100,100,100,100,100,100,100,100,100,100,100,100
E-RAB,"E-RAB Setup Add,E-RAB Setup Add",EstabAddSuccNbr(count) / EstabAddAttNbr(count),QCI9,Deno0,Deno0,Deno0,Deno0,Deno0,Deno0,Deno0,Deno0,Deno0,Deno0,Deno0,Deno0,Deno0,Deno0,Deno0,Deno0,Deno0,Deno0,Deno0,Deno0,Deno0,Deno0,Deno0,Deno0
E-RAB,E-RAB Release,VoLTE Drop Call Rate,QCI1,0,0,0,0,0,0,0,0,0,0,0,0,0,0,0,0,0,0,0,0,0,0,0,0
E-RAB,E-RAB Release,LTE Drops per Hour,QCI5,0,0,0,0,0,0,0,0,0,0,0,0,0,0,0,0,0,0,0,0,0,0,0,0
E-RAB,E-RAB Release,LTE Drops per Hour,QCI9,0,0,0,0,0,0,0,0,0,0,0,0,0,0,0,0,0,0,0,0,0,0,0,0
E-RAB,E-RAB Release NR,NR Drop rate,,-,-,-,-,-,-,-,-,-,-,-,-,-,-,-,-,-,-,-,-,-,-,-,-
(ACPF) Message,UE associated F1AP Message in gNB-CU-CP,Tx_F1apUeContextSetupRequest(count),gNB_ID1022,-,-,-,-,-,-,-,-,-,-,-,-,-,-,-,-,-,-,-,-,-,-,-,-
(ACPF) Message,UE associated F1AP Message in gNB-CU-CP,Rx_F1apUeContextModificationRequired(count),gNB_ID1022,-,-,-,-,-,-,-,-,-,-,-,-,-,-,-,-,-,-,-,-,-,-,-,-
